consumo_kwh,uso_horario_pico,cantidad_equipos,tipo_inmueble,horas_alto_consumo,categoria
202.54,False,2,Departamento,12,Ineficiente
225.13,True,6,Casa,7,Eficiente
920.43,True,13,Local,10,Ineficiente
218.95,False,5,Departamento,7,Moderado
170.4,False,8,Casa,6,Eficiente
918.97,True,12,Local,12,Ineficiente
133.46,True,3,Departamento,7,Eficiente
162.05,False,8,Departamento,9,Eficiente
512.31,False,9,Casa,3,Moderado
784.36,False,8,Departamento,4,Ineficiente
640.69,True,7,Casa,8,Ineficiente
647.24,True,10,Local,7,Moderado
137.67,True,8,Departamento,5,Eficiente
145.3,True,5,Departamento,11,Eficiente
292.91,False,10,Casa,5,Eficiente
191.55,False,10,Casa,6,Eficiente
234.85,False,9,Departamento,4,Eficiente
81.57,False,10,Casa,7,Eficiente
289.79,False,9,Departamento,7,Moderado
508.45,False,5,Departamento,4,Ineficiente
337.38,True,5,Departamento,10,Ineficiente
320.71,True,10,Casa,2,Eficiente
531.07,False,8,Local,10,Moderado
493.34,False,14,Local,1,Eficiente
117.71,False,9,Departamento,4,Eficiente
312.04,True,5,Casa,11,Moderado
103.68,False,6,Departamento,6,Eficiente
271.84,False,8,Casa,8,Eficiente
376.57,False,6,Casa,12,Moderado
96.86,False,6,Departamento,10,Eficiente
87.83,False,7,Departamento,7,Eficiente
663.35,True,18,Local,2,Moderado
397.42,False,10,Casa,12,Moderado
388.77,True,8,Casa,5,Moderado
246.92,False,7,Departamento,8,Moderado
1046.76,False,9,Casa,10,Ineficiente
217.81,False,14,Casa,9,Eficiente
141.78,False,4,Departamento,2,Eficiente
429.9,True,11,Casa,11,Moderado
107.18,False,6,Departamento,12,Eficiente
351.5,True,10,Casa,10,Moderado
250.38,False,4,Departamento,8,Moderado
285.92,False,4,Departamento,6,Ineficiente
456.6,True,9,Casa,12,Ineficiente
304.07,True,6,Departamento,9,Ineficiente
290.02,False,1,Departamento,9,Ineficiente
444.81,True,7,Casa,11,Ineficiente
179.39,True,7,Casa,12,Eficiente
146.55,False,6,Departamento,11,Eficiente
177.89,False,8,Casa,8,Eficiente
259.34,False,3,Casa,3,Moderado
223.25,False,11,Casa,4,Eficiente
242.09,False,9,Departamento,2,Eficiente
259.75,False,6,Departamento,10,Moderado
182.01,True,9,Departamento,5,Eficiente
233.18,True,8,Departamento,3,Eficiente
119.87,True,4,Departamento,9,Eficiente
169.79,False,3,Departamento,7,Eficiente
440.63,True,5,Casa,8,Ineficiente
392.16,True,8,Casa,10,Moderado
249.74,True,3,Departamento,7,Ineficiente
340.6,False,5,Departamento,10,Ineficiente
312.12,True,6,Departamento,4,Ineficiente
272.87,False,4,Departamento,10,Ineficiente
226.38,False,5,Departamento,1,Eficiente
213.98,False,10,Departamento,11,Eficiente
104.19,False,5,Departamento,2,Eficiente
1906.43,True,4,Casa,3,Ineficiente
397.58,True,7,Casa,12,Ineficiente
375.04,False,9,Casa,12,Moderado
493.97,True,10,Casa,5,Ineficiente
406.37,True,9,Casa,10,Moderado
698.34,True,17,Local,9,Moderado
358.17,False,5,Casa,5,Moderado
527.65,True,4,Casa,7,Ineficiente
363.82,False,7,Casa,2,Moderado
313.48,True,7,Casa,11,Moderado
153.16,True,6,Departamento,6,Eficiente
155.77,False,5,Departamento,10,Eficiente
265.98,True,6,Departamento,12,Ineficiente
295.6,False,5,Departamento,10,Ineficiente
249.46,True,13,Casa,8,Eficiente
278.93,True,3,Departamento,4,Ineficiente
434.36,True,3,Casa,5,Ineficiente
1662.37,False,15,Casa,7,Ineficiente
343.93,True,8,Casa,12,Moderado
314.61,True,8,Departamento,9,Ineficiente
225.78,True,6,Departamento,9,Moderado
506.95,True,11,Casa,11,Ineficiente
141.37,True,8,Departamento,7,Eficiente
113.6,False,8,Casa,6,Eficiente
216.01,False,5,Departamento,11,Moderado
343.35,True,8,Casa,5,Moderado
345.19,True,7,Casa,9,Moderado
262.76,True,8,Casa,11,Eficiente
529.41,False,5,Departamento,7,Ineficiente
636.06,True,10,Casa,12,Ineficiente
342.06,False,9,Casa,11,Moderado
301.07,True,10,Casa,10,Moderado
559.8,True,16,Local,5,Eficiente
521.37,True,6,Local,9,Ineficiente
272.63,True,6,Departamento,12,Ineficiente
353.12,False,9,Casa,10,Moderado
670.55,True,12,Local,12,Ineficiente
191.27,True,4,Departamento,11,Moderado
212.12,False,7,Departamento,6,Eficiente
109.66,False,7,Casa,12,Eficiente
258.82,True,5,Casa,11,Moderado
1508.25,True,6,Casa,10,Ineficiente
613.81,True,22,Local,12,Moderado
275.49,True,5,Departamento,9,Ineficiente
274.53,True,12,Casa,12,Eficiente
250.53,False,12,Casa,4,Eficiente
160.71,False,9,Departamento,10,Eficiente
507.14,True,10,Casa,12,Ineficiente
485.58,True,15,Local,8,Eficiente
297.12,False,4,Departamento,6,Ineficiente
112.19,False,8,Departamento,12,Eficiente
510.83,True,10,Casa,3,Ineficiente
244.52,True,7,Departamento,8,Moderado
212.73,False,5,Departamento,5,Eficiente
286.19,False,8,Departamento,10,Moderado
1207.2,False,12,Casa,12,Ineficiente
295.39,False,13,Casa,5,Eficiente
321.26,False,14,Casa,11,Eficiente
110.05,False,8,Departamento,8,Eficiente
253.5,False,9,Casa,1,Eficiente
230.63,False,13,Casa,10,Eficiente
224.67,False,8,Casa,7,Eficiente
97.54,False,5,Departamento,12,Eficiente
275.83,False,9,Casa,6,Eficiente
622.61,True,13,Local,9,Moderado
280.0,False,6,Departamento,3,Moderado
225.83,False,3,Casa,1,Eficiente
188.73,False,3,Departamento,9,Moderado
162.36,False,7,Casa,12,Eficiente
478.95,True,11,Local,8,Moderado
212.74,True,8,Departamento,8,Moderado
167.22,False,3,Departamento,1,Eficiente
376.33,True,11,Casa,12,Moderado
293.02,True,9,Departamento,6,Moderado
243.94,True,6,Departamento,10,Moderado
449.67,True,11,Local,6,Eficiente
239.25,False,5,Departamento,12,Moderado
126.43,False,6,Departamento,4,Eficiente
378.15,False,4,Casa,12,Ineficiente
554.1,True,8,Casa,4,Ineficiente
260.12,False,7,Departamento,4,Moderado
269.8,True,11,Casa,10,Eficiente
385.53,False,12,Casa,10,Moderado
140.62,False,7,Departamento,4,Eficiente
599.0,False,21,Local,6,Eficiente
387.53,True,13,Casa,11,Moderado
167.32,False,7,Departamento,5,Eficiente
319.54,False,8,Casa,3,Eficiente
110.77,False,8,Departamento,10,Eficiente
439.32,False,10,Casa,10,Moderado
207.48,False,4,Departamento,4,Eficiente
305.16,False,4,Departamento,12,Ineficiente
238.14,False,5,Departamento,6,Moderado
443.03,False,7,Casa,11,Ineficiente
485.07,False,11,Local,3,Eficiente
389.29,True,10,Casa,11,Moderado
319.32,True,7,Casa,12,Moderado
184.65,False,4,Departamento,5,Eficiente
307.1,False,10,Casa,5,Eficiente
228.73,False,5,Departamento,3,Eficiente
228.29,True,7,Departamento,12,Moderado
185.87,False,6,Casa,4,Eficiente
453.4,True,15,Local,6,Eficiente
253.29,False,7,Casa,1,Eficiente
225.29,False,3,Departamento,9,Moderado
275.36,True,11,Casa,11,Eficiente
809.14,True,13,Local,9,Ineficiente
215.12,True,8,Casa,12,Eficiente
402.79,True,8,Casa,11,Moderado
493.6,False,19,Casa,2,Moderado
521.56,True,17,Local,8,Eficiente
968.67,True,18,Local,9,Ineficiente
234.19,False,5,Departamento,12,Moderado
725.33,True,14,Local,3,Moderado
435.86,True,13,Local,5,Eficiente
136.8,False,2,Departamento,3,Eficiente
241.03,True,5,Casa,7,Eficiente
228.52,True,4,Departamento,8,Moderado
79.58,False,4,Departamento,3,Eficiente
384.01,True,12,Casa,3,Moderado
225.91,False,4,Casa,2,Eficiente
266.05,False,8,Departamento,3,Eficiente
313.41,True,6,Casa,8,Moderado
831.95,True,15,Local,7,Ineficiente
267.16,False,5,Casa,10,Moderado
422.23,False,9,Casa,8,Moderado
131.78,False,10,Departamento,3,Eficiente
268.55,False,7,Casa,12,Eficiente
471.4,False,9,Casa,9,Moderado
314.21,False,7,Departamento,11,Ineficiente
456.68,True,17,Local,9,Eficiente
320.51,True,6,Casa,10,Moderado
272.05,True,3,Casa,6,Moderado
224.78,False,3,Departamento,8,Moderado
994.67,True,15,Local,10,Ineficiente
1094.88,True,5,Departamento,12,Ineficiente
199.6,False,15,Casa,8,Eficiente
380.38,False,11,Casa,10,Moderado
457.43,True,9,Casa,12,Ineficiente
382.8,False,11,Casa,8,Moderado
88.86,False,5,Departamento,10,Eficiente
618.66,False,8,Casa,3,Ineficiente
124.01,False,12,Departamento,11,Eficiente
243.92,False,6,Departamento,12,Moderado
269.5,True,2,Departamento,12,Ineficiente
521.57,False,8,Casa,11,Ineficiente
197.33,True,6,Departamento,10,Moderado
291.41,False,11,Departamento,3,Moderado
156.28,False,6,Departamento,12,Eficiente
313.1,False,13,Casa,8,Eficiente
311.84,True,5,Casa,2,Moderado
645.24,True,12,Local,6,Moderado
1575.44,False,9,Casa,7,Ineficiente
249.44,False,7,Casa,7,Eficiente
188.02,False,4,Departamento,11,Moderado
557.04,True,6,Departamento,7,Ineficiente
708.51,True,16,Local,12,Moderado
489.95,True,7,Casa,11,Ineficiente
606.19,True,19,Local,12,Moderado
393.39,False,10,Casa,4,Moderado
176.93,False,10,Departamento,9,Eficiente
65.27,False,13,Departamento,2,Eficiente
380.78,True,15,Casa,10,Moderado
432.43,False,8,Casa,3,Moderado
556.74,True,14,Casa,7,Ineficiente
2052.94,True,10,Local,12,Ineficiente
218.03,False,8,Departamento,5,Eficiente
554.18,True,13,Local,9,Moderado
210.8,False,8,Departamento,5,Eficiente
306.25,False,6,Departamento,12,Ineficiente
117.12,False,6,Departamento,2,Eficiente
370.51,True,13,Casa,6,Moderado
336.44,True,7,Casa,9,Moderado
168.85,False,3,Departamento,7,Eficiente
316.28,False,6,Departamento,9,Ineficiente
531.05,True,9,Casa,6,Ineficiente
243.46,False,8,Departamento,11,Moderado
263.95,False,6,Departamento,10,Moderado
414.84,False,25,Local,12,Eficiente
256.27,True,5,Departamento,12,Ineficiente
1799.83,True,10,Casa,12,Ineficiente
311.48,False,12,Casa,6,Eficiente
350.62,True,10,Casa,12,Moderado
256.63,True,5,Departamento,8,Moderado
2392.19,True,21,Local,1,Ineficiente
365.68,False,6,Departamento,1,Ineficiente
373.45,False,6,Casa,5,Moderado
393.42,True,9,Casa,7,Moderado
227.32,True,3,Departamento,9,Ineficiente
139.09,False,8,Departamento,7,Eficiente
187.21,False,6,Casa,9,Eficiente
164.9,False,11,Casa,9,Eficiente
271.1,True,5,Departamento,12,Ineficiente
243.51,False,5,Casa,5,Eficiente
174.68,True,4,Departamento,9,Moderado
234.23,False,8,Casa,12,Eficiente
272.74,True,18,Casa,8,Eficiente
804.96,True,20,Local,8,Moderado
426.17,False,9,Casa,7,Moderado
329.73,False,12,Casa,6,Eficiente
373.57,True,14,Casa,6,Moderado
203.08,False,8,Casa,7,Eficiente
294.6,True,11,Casa,11,Moderado
420.47,True,12,Casa,10,Moderado
421.39,False,2,Casa,5,Ineficiente
263.05,False,16,Casa,12,Eficiente
211.21,True,5,Departamento,9,Moderado
249.61,True,7,Departamento,11,Moderado
369.4,False,3,Casa,12,Ineficiente
613.86,True,4,Casa,7,Ineficiente
154.29,False,5,Departamento,3,Eficiente
361.87,False,16,Local,6,Eficiente
908.09,True,14,Local,5,Ineficiente
347.89,True,6,Casa,9,Moderado
266.82,False,12,Casa,10,Eficiente
329.15,False,6,Casa,7,Moderado
361.06,False,11,Casa,6,Eficiente
179.18,False,5,Departamento,9,Eficiente
331.86,False,8,Casa,8,Eficiente
346.24,True,6,Casa,8,Moderado
176.79,True,10,Casa,6,Eficiente
258.07,True,7,Departamento,7,Moderado
234.48,False,12,Casa,4,Eficiente
176.11,True,7,Departamento,6,Eficiente
332.08,False,12,Casa,2,Eficiente
720.23,True,14,Local,8,Moderado
330.17,True,5,Casa,11,Moderado
297.87,False,9,Departamento,10,Moderado
512.62,True,19,Local,11,Moderado
509.04,True,15,Local,6,Eficiente
141.11,False,8,Departamento,12,Eficiente
140.84,True,5,Departamento,7,Eficiente
372.48,True,7,Departamento,10,Ineficiente
97.58,True,4,Departamento,7,Eficiente
282.06,False,5,Casa,11,Moderado
217.86,False,9,Departamento,3,Eficiente
368.12,False,7,Departamento,12,Ineficiente
3286.84,True,20,Local,10,Ineficiente
217.71,False,6,Departamento,1,Eficiente
328.76,False,13,Casa,12,Eficiente
327.74,True,7,Departamento,8,Ineficiente
357.32,False,8,Casa,3,Eficiente
456.73,False,10,Casa,10,Moderado
272.2,False,4,Departamento,10,Ineficiente
338.09,False,10,Casa,8,Eficiente
397.89,True,15,Casa,12,Moderado
285.01,False,8,Casa,11,Eficiente
418.65,False,6,Casa,4,Moderado
395.09,False,9,Casa,2,Eficiente
453.9,False,8,Casa,10,Moderado
219.42,False,10,Departamento,12,Eficiente
435.62,False,10,Casa,4,Moderado
787.74,True,15,Local,7,Ineficiente
828.01,True,15,Local,7,Ineficiente
600.88,False,5,Departamento,5,Ineficiente
420.65,True,8,Casa,8,Moderado
50.45,False,7,Departamento,7,Eficiente
194.47,False,6,Departamento,12,Eficiente
238.58,False,6,Departamento,5,Moderado
238.53,False,3,Departamento,2,Moderado
417.27,False,4,Departamento,6,Ineficiente
242.48,False,4,Departamento,2,Moderado
338.19,False,10,Casa,2,Eficiente
270.41,False,4,Departamento,8,Moderado
379.39,False,6,Casa,11,Moderado
313.2,True,4,Departamento,3,Ineficiente
549.79,True,15,Local,7,Moderado
477.62,True,7,Casa,3,Ineficiente
263.24,True,7,Departamento,9,Moderado
271.75,True,14,Casa,8,Eficiente
213.12,False,4,Departamento,11,Moderado
274.59,True,12,Casa,11,Eficiente
711.1,True,14,Local,11,Ineficiente
371.77,False,6,Casa,6,Moderado
1859.24,True,17,Local,10,Ineficiente
213.51,False,6,Departamento,4,Eficiente
191.95,False,7,Departamento,1,Eficiente
255.54,False,10,Departamento,12,Moderado
738.86,False,4,Departamento,11,Ineficiente
565.07,True,15,Local,5,Moderado
399.83,True,8,Casa,7,Moderado
269.99,True,4,Departamento,11,Ineficiente
251.11,False,10,Casa,6,Eficiente
139.27,False,5,Departamento,10,Eficiente
341.03,True,10,Casa,11,Moderado
231.75,True,6,Departamento,7,Moderado
344.17,False,8,Departamento,2,Moderado
202.03,False,5,Departamento,8,Eficiente
367.44,True,6,Departamento,5,Ineficiente
233.09,False,2,Departamento,9,Ineficiente
215.48,False,7,Departamento,7,Eficiente
713.36,False,6,Departamento,6,Ineficiente
195.09,False,8,Departamento,6,Eficiente
621.85,True,14,Local,12,Moderado
338.72,True,13,Casa,5,Eficiente
84.17,False,8,Casa,11,Eficiente
323.65,True,7,Casa,10,Moderado
61.56,True,7,Departamento,12,Eficiente
331.12,True,11,Casa,11,Moderado
290.41,False,5,Departamento,8,Moderado
395.42,True,7,Departamento,12,Ineficiente
330.76,True,11,Casa,9,Moderado
822.01,True,11,Local,2,Ineficiente
258.43,True,9,Departamento,2,Moderado
519.91,True,7,Casa,12,Ineficiente
204.1,False,9,Casa,7,Eficiente
251.05,False,11,Casa,11,Eficiente
36.54,False,10,Casa,7,Eficiente
292.29,True,7,Casa,5,Eficiente
919.92,True,16,Local,11,Ineficiente
302.52,True,4,Casa,6,Moderado
288.8,True,12,Casa,12,Moderado
263.31,False,4,Departamento,1,Moderado
205.39,False,7,Departamento,1,Eficiente
549.7,True,11,Local,4,Moderado
312.62,True,6,Departamento,12,Ineficiente
216.86,False,6,Departamento,2,Eficiente
482.92,True,8,Casa,9,Ineficiente
337.39,True,13,Local,10,Eficiente
241.38,False,4,Departamento,11,Moderado
928.72,True,10,Local,11,Ineficiente
453.27,True,8,Casa,1,Moderado
931.23,True,14,Local,5,Ineficiente
94.78,True,5,Departamento,6,Eficiente
1428.64,False,8,Casa,8,Ineficiente
177.65,False,3,Departamento,6,Eficiente
249.39,False,3,Departamento,1,Moderado
305.53,True,7,Casa,1,Eficiente
292.58,False,3,Departamento,3,Ineficiente
294.8,False,2,Departamento,6,Ineficiente
473.14,True,9,Casa,11,Ineficiente
93.67,False,4,Departamento,10,Eficiente
347.63,True,8,Casa,6,Moderado
251.81,False,11,Casa,4,Eficiente
680.08,True,14,Local,10,Moderado
101.78,False,11,Departamento,12,Eficiente
144.05,False,5,Casa,4,Eficiente
958.53,True,13,Local,11,Ineficiente
665.52,True,16,Local,2,Moderado
297.04,True,10,Casa,9,Eficiente
266.73,False,3,Departamento,11,Ineficiente
440.56,True,10,Casa,9,Moderado
418.19,False,13,Local,2,Eficiente
160.26,True,6,Departamento,4,Eficiente
291.57,False,7,Departamento,5,Moderado
623.18,True,6,Casa,7,Ineficiente
337.57,True,20,Local,9,Eficiente
357.39,False,9,Casa,7,Moderado
258.16,True,13,Casa,8,Eficiente
207.8,False,5,Casa,12,Eficiente
89.59,False,7,Departamento,12,Eficiente
416.23,False,8,Casa,4,Moderado
335.66,False,21,Local,12,Eficiente
212.13,False,8,Departamento,9,Eficiente
138.25,False,5,Casa,2,Eficiente
416.04,True,12,Casa,10,Moderado
448.13,True,4,Casa,11,Ineficiente
217.26,False,7,Departamento,10,Eficiente
258.44,False,8,Departamento,8,Moderado
402.35,True,13,Casa,10,Moderado
137.51,False,4,Departamento,2,Eficiente
323.64,False,10,Casa,7,Eficiente
62.66,False,2,Departamento,7,Eficiente
600.91,True,26,Local,9,Moderado
233.7,True,9,Departamento,9,Moderado
262.11,False,6,Departamento,1,Moderado
300.6,True,4,Departamento,11,Ineficiente
417.79,True,5,Casa,6,Ineficiente
370.51,False,5,Casa,12,Ineficiente
256.63,False,14,Casa,5,Eficiente
191.32,False,7,Departamento,4,Eficiente
282.05,True,8,Departamento,6,Moderado
258.86,False,5,Departamento,2,Moderado
506.75,True,15,Local,11,Moderado
572.05,True,16,Casa,12,Ineficiente
325.79,False,5,Departamento,4,Ineficiente
307.8,True,11,Casa,11,Moderado
443.09,True,8,Casa,8,Ineficiente
215.57,False,5,Departamento,3,Eficiente
484.23,False,22,Local,5,Eficiente
81.61,False,7,Departamento,4,Eficiente
59.77,False,4,Casa,9,Eficiente
214.59,False,2,Departamento,5,Ineficiente
503.18,False,10,Casa,5,Moderado
578.62,True,18,Local,2,Eficiente
227.08,True,1,Departamento,7,Ineficiente
526.25,True,8,Casa,5,Ineficiente
353.58,False,11,Casa,9,Eficiente
417.05,True,12,Casa,11,Moderado
771.59,True,16,Local,8,Ineficiente
261.46,False,5,Departamento,10,Moderado
97.39,False,5,Departamento,9,Eficiente
195.04,True,6,Departamento,6,Eficiente
289.45,True,5,Departamento,10,Ineficiente
417.02,True,13,Casa,10,Moderado
490.6,True,15,Local,7,Eficiente
272.87,True,5,Casa,8,Moderado
211.67,False,5,Departamento,10,Moderado
195.54,True,4,Departamento,8,Moderado
372.51,True,5,Departamento,8,Ineficiente
456.92,False,18,Local,12,Eficiente
415.65,True,9,Casa,4,Moderado
134.4,False,2,Departamento,5,Eficiente
252.96,True,10,Casa,11,Eficiente
318.65,False,7,Departamento,3,Moderado
276.95,False,8,Casa,5,Eficiente
485.23,False,6,Casa,7,Ineficiente
466.96,True,10,Casa,9,Ineficiente
265.23,False,11,Casa,2,Eficiente
261.97,False,9,Casa,10,Eficiente
301.7,False,5,Departamento,4,Moderado
201.99,True,9,Departamento,11,Moderado
272.53,False,8,Casa,11,Eficiente
437.92,True,7,Casa,9,Ineficiente
230.0,False,11,Casa,11,Eficiente
217.37,False,6,Departamento,2,Eficiente
392.81,False,13,Casa,6,Eficiente
439.62,True,10,Casa,10,Moderado
339.41,False,7,Casa,6,Moderado
217.08,False,7,Departamento,7,Eficiente
471.21,False,12,Casa,7,Moderado
234.56,False,5,Departamento,1,Eficiente
172.44,False,11,Departamento,2,Eficiente
185.75,False,8,Departamento,12,Eficiente
191.58,True,4,Departamento,10,Moderado
194.14,False,4,Departamento,6,Eficiente
313.48,False,10,Casa,7,Eficiente
195.14,False,6,Departamento,2,Eficiente
40.73,False,7,Departamento,4,Eficiente
324.34,False,9,Casa,8,Eficiente
227.81,False,5,Departamento,3,Eficiente
232.73,False,10,Casa,10,Eficiente
177.8,False,3,Departamento,8,Moderado
70.66,True,4,Departamento,12,Eficiente
503.8,True,11,Local,7,Moderado
784.19,True,18,Local,10,Ineficiente
192.0,False,7,Departamento,4,Eficiente
189.52,True,2,Departamento,11,Ineficiente
322.02,False,7,Departamento,12,Ineficiente
472.06,False,8,Casa,10,Ineficiente
176.86,False,5,Departamento,10,Eficiente
273.42,True,7,Departamento,7,Moderado
258.02,False,6,Casa,8,Eficiente
391.97,True,4,Casa,8,Ineficiente
1077.75,True,5,Departamento,9,Ineficiente
341.44,False,9,Casa,4,Eficiente
223.67,True,6,Casa,8,Eficiente
276.91,False,10,Casa,8,Eficiente
515.94,False,14,Casa,9,Moderado
374.2,True,14,Casa,8,Moderado
169.75,False,6,Departamento,7,Eficiente
228.9,True,4,Casa,7,Moderado
216.2,False,8,Departamento,8,Eficiente
586.0,True,16,Local,5,Moderado
386.64,False,7,Casa,2,Moderado
332.47,False,9,Casa,9,Eficiente
358.3,True,8,Departamento,9,Ineficiente
764.49,True,12,Casa,10,Ineficiente
384.21,False,7,Casa,11,Moderado
655.98,True,22,Local,7,Moderado
910.6,True,15,Local,8,Ineficiente
238.32,False,7,Departamento,1,Eficiente
304.33,True,7,Casa,8,Moderado
249.9,True,10,Departamento,11,Moderado
187.42,False,2,Departamento,11,Moderado
520.4,True,14,Casa,11,Ineficiente
274.96,True,4,Departamento,6,Ineficiente
129.08,False,11,Casa,1,Eficiente
361.32,False,8,Casa,12,Moderado
216.83,False,10,Departamento,9,Eficiente
589.33,True,10,Casa,11,Ineficiente
336.06,False,10,Casa,12,Moderado
73.43,False,9,Departamento,9,Eficiente
1168.65,True,19,Local,9,Ineficiente
191.58,False,5,Departamento,9,Eficiente
125.35,True,6,Departamento,12,Eficiente
728.08,True,13,Local,11,Ineficiente
142.0,True,10,Casa,11,Eficiente
302.49,False,10,Casa,3,Eficiente
524.54,False,17,Casa,11,Moderado
395.13,True,9,Casa,9,Moderado
228.98,False,7,Departamento,9,Moderado
249.34,False,6,Casa,5,Eficiente
146.65,True,6,Departamento,11,Eficiente
267.77,False,8,Casa,11,Eficiente
282.84,True,7,Casa,11,Moderado
708.27,True,13,Local,12,Ineficiente
393.34,True,7,Casa,12,Ineficiente
510.58,False,7,Casa,10,Ineficiente
476.29,True,11,Casa,12,Ineficiente
258.25,True,10,Departamento,8,Moderado
223.58,False,6,Departamento,7,Eficiente
120.16,False,7,Departamento,3,Eficiente
404.72,False,11,Casa,11,Moderado
190.2,False,10,Casa,11,Eficiente
180.6,False,10,Departamento,12,Eficiente
269.65,False,6,Departamento,5,Moderado
311.84,True,3,Departamento,8,Ineficiente
147.81,False,6,Departamento,7,Eficiente
132.2,False,8,Departamento,2,Eficiente
190.65,False,9,Casa,9,Eficiente
413.99,True,11,Casa,11,Moderado
376.08,True,8,Departamento,5,Ineficiente
188.54,False,8,Casa,3,Eficiente
219.22,False,5,Departamento,4,Eficiente
227.32,False,4,Departamento,10,Moderado
160.85,False,6,Departamento,4,Eficiente
363.09,False,13,Local,9,Eficiente
237.22,True,8,Departamento,12,Moderado
673.7,True,10,Local,6,Moderado
357.21,True,6,Departamento,11,Ineficiente
612.4,True,8,Local,11,Ineficiente
322.93,True,12,Casa,6,Eficiente
240.35,False,9,Departamento,8,Eficiente
305.2,True,15,Departamento,12,Moderado
386.5,True,7,Casa,11,Ineficiente
213.49,False,13,Casa,11,Eficiente
778.45,True,10,Local,12,Ineficiente
222.32,False,5,Departamento,9,Moderado
227.09,True,6,Casa,10,Eficiente
338.71,False,12,Casa,7,Eficiente
410.44,False,11,Casa,5,Moderado
477.38,True,9,Casa,11,Ineficiente
521.63,True,19,Local,10,Moderado
422.85,True,11,Casa,12,Moderado
1333.12,False,5,Casa,4,Ineficiente
137.94,False,4,Departamento,12,Eficiente
260.46,False,10,Casa,3,Eficiente
221.49,True,13,Casa,8,Eficiente
165.34,True,7,Departamento,11,Eficiente
130.58,False,4,Departamento,9,Eficiente
640.14,True,16,Local,10,Moderado
237.42,True,7,Departamento,10,Moderado
317.91,True,4,Departamento,4,Ineficiente
232.88,False,3,Departamento,10,Moderado
721.05,True,11,Local,2,Moderado
195.38,True,8,Departamento,9,Eficiente
979.71,True,15,Local,9,Ineficiente
156.83,False,2,Departamento,3,Moderado
912.75,True,14,Local,12,Ineficiente
288.69,False,10,Casa,10,Eficiente
248.44,False,8,Departamento,2,Eficiente
399.19,True,9,Casa,11,Moderado
120.95,False,5,Departamento,9,Eficiente
129.27,False,4,Departamento,3,Eficiente
853.21,True,13,Local,8,Ineficiente
745.42,True,17,Local,3,Moderado
390.39,True,5,Casa,7,Ineficiente
292.01,False,2,Departamento,3,Ineficiente
197.78,True,2,Departamento,11,Ineficiente
98.01,False,10,Casa,7,Eficiente
255.72,False,7,Casa,4,Eficiente
494.54,True,7,Casa,8,Ineficiente
196.2,False,3,Departamento,10,Moderado
206.47,True,6,Departamento,8,Moderado
513.73,False,14,Local,11,Eficiente
278.07,False,2,Departamento,12,Ineficiente
745.31,False,21,Local,8,Moderado
359.51,True,10,Casa,12,Moderado
897.47,True,9,Departamento,12,Ineficiente
179.96,True,9,Casa,4,Eficiente
160.55,False,9,Departamento,9,Eficiente
163.43,True,6,Departamento,12,Eficiente
445.55,True,10,Local,10,Moderado
204.39,False,5,Departamento,10,Moderado
632.7,True,7,Casa,10,Ineficiente
346.53,True,9,Casa,11,Moderado
396.12,False,9,Casa,8,Moderado
397.94,True,9,Casa,10,Moderado
244.18,False,5,Departamento,11,Moderado
217.16,True,2,Departamento,2,Ineficiente
210.04,False,6,Departamento,11,Moderado
558.76,True,18,Local,7,Moderado
223.7,False,6,Departamento,4,Eficiente
217.1,False,6,Departamento,9,Moderado
305.89,True,9,Casa,12,Moderado
262.69,False,10,Casa,9,Eficiente
157.57,False,4,Departamento,5,Eficiente
955.67,True,16,Local,4,Ineficiente
604.6,False,16,Casa,8,Ineficiente
308.56,True,5,Departamento,6,Ineficiente
181.42,False,5,Departamento,3,Eficiente
470.38,False,9,Casa,8,Moderado
448.63,True,11,Casa,10,Moderado
707.6,True,13,Local,12,Ineficiente
230.34,False,2,Departamento,1,Ineficiente
419.15,True,11,Casa,9,Moderado
645.4,True,16,Local,10,Moderado
229.6,False,7,Casa,10,Eficiente
671.14,True,22,Local,12,Moderado
503.3,True,7,Casa,12,Ineficiente
55.17,False,5,Departamento,4,Eficiente
248.82,False,17,Casa,5,Eficiente
383.99,True,6,Casa,12,Ineficiente
581.23,True,8,Local,1,Moderado
153.27,False,9,Casa,10,Eficiente
105.1,False,12,Casa,9,Eficiente
388.19,True,6,Casa,8,Ineficiente
202.79,False,6,Departamento,2,Eficiente
132.03,False,6,Departamento,8,Eficiente
544.62,False,26,Local,6,Eficiente
252.91,True,12,Casa,11,Eficiente
111.3,False,11,Casa,9,Eficiente
414.87,True,7,Casa,10,Ineficiente
141.68,False,3,Departamento,7,Eficiente
347.12,True,18,Local,4,Eficiente
413.77,False,8,Departamento,5,Ineficiente
239.96,True,7,Departamento,7,Moderado
604.41,True,6,Casa,7,Ineficiente
723.45,True,9,Local,8,Ineficiente
318.08,False,12,Departamento,3,Moderado
516.75,True,14,Casa,10,Ineficiente
319.12,True,10,Casa,8,Moderado
940.58,False,12,Casa,12,Ineficiente
456.52,False,6,Casa,5,Ineficiente
484.66,True,8,Casa,10,Ineficiente
288.42,True,7,Departamento,6,Moderado
298.66,False,5,Departamento,9,Ineficiente
308.78,False,10,Casa,12,Eficiente
354.1,False,9,Casa,12,Moderado
415.89,False,20,Local,6,Eficiente
204.07,True,4,Departamento,5,Moderado
348.51,False,9,Departamento,11,Ineficiente
386.07,False,8,Casa,8,Moderado
578.48,True,15,Local,12,Moderado
416.47,True,8,Casa,8,Moderado
334.03,True,7,Casa,6,Moderado
354.51,True,16,Local,4,Eficiente
287.73,False,6,Departamento,6,Moderado
223.31,True,8,Departamento,11,Moderado
241.06,False,4,Departamento,11,Moderado
209.06,True,7,Departamento,8,Moderado
335.59,True,6,Casa,9,Moderado
515.58,True,8,Casa,9,Ineficiente
495.14,True,9,Casa,10,Ineficiente
407.29,False,10,Casa,9,Moderado
1406.87,True,11,Local,11,Ineficiente
556.29,True,8,Casa,7,Ineficiente
224.18,False,9,Departamento,10,Eficiente
216.51,False,8,Departamento,7,Eficiente
250.52,True,4,Departamento,11,Ineficiente
303.63,False,12,Casa,4,Eficiente
359.2,True,10,Departamento,8,Ineficiente
599.15,True,14,Local,8,Moderado
123.58,False,7,Departamento,5,Eficiente
311.39,True,5,Departamento,6,Ineficiente
784.77,True,13,Local,7,Ineficiente
190.54,True,5,Departamento,7,Moderado
544.76,True,6,Casa,7,Ineficiente
321.57,False,7,Departamento,12,Ineficiente
415.1,True,6,Casa,8,Ineficiente
193.32,False,7,Departamento,7,Eficiente
824.87,True,13,Local,12,Ineficiente
253.02,True,7,Departamento,5,Moderado
742.52,True,7,Casa,9,Ineficiente
206.9,False,3,Casa,2,Eficiente
453.07,False,15,Local,3,Eficiente
267.28,False,6,Casa,1,Eficiente
400.26,True,3,Casa,8,Ineficiente
397.67,True,11,Casa,10,Moderado
584.02,True,9,Casa,9,Ineficiente
207.29,True,5,Departamento,8,Moderado
81.55,False,3,Departamento,11,Eficiente
269.8,True,7,Casa,11,Moderado
458.59,True,12,Casa,9,Moderado
489.5,False,6,Casa,3,Ineficiente
434.56,True,10,Casa,9,Moderado
234.68,False,11,Casa,12,Eficiente
359.12,False,3,Departamento,12,Ineficiente
518.93,False,14,Casa,3,Moderado
497.52,False,6,Casa,2,Ineficiente
421.95,False,17,Casa,9,Moderado
374.52,True,12,Casa,11,Moderado
377.13,False,8,Casa,12,Moderado
340.55,False,11,Casa,12,Moderado
661.34,False,19,Local,4,Eficiente
426.89,True,9,Casa,10,Moderado
144.58,False,7,Departamento,9,Eficiente
226.71,False,6,Departamento,5,Eficiente
353.74,False,7,Casa,1,Eficiente
248.18,True,7,Casa,8,Eficiente
135.81,False,5,Departamento,5,Eficiente
113.04,False,6,Departamento,4,Eficiente
224.17,False,9,Casa,1,Eficiente
259.76,False,6,Casa,2,Eficiente
376.66,False,9,Casa,3,Eficiente
203.6,False,6,Departamento,2,Eficiente
172.52,False,8,Departamento,12,Eficiente
346.77,True,10,Casa,9,Moderado
375.84,True,9,Casa,5,Moderado
314.91,False,18,Local,12,Eficiente
410.1,False,7,Casa,2,Moderado
126.49,False,6,Departamento,8,Eficiente
217.17,False,9,Departamento,4,Eficiente
274.72,False,12,Casa,4,Eficiente
525.88,False,5,Casa,6,Ineficiente
317.87,True,8,Casa,12,Moderado
611.28,True,21,Local,10,Moderado
297.99,False,9,Casa,8,Eficiente
407.89,False,9,Casa,1,Moderado
129.62,False,8,Casa,3,Eficiente
255.14,True,11,Casa,8,Eficiente
101.45,False,11,Departamento,4,Eficiente
467.73,True,6,Casa,6,Ineficiente
230.04,True,3,Departamento,12,Ineficiente
209.81,False,5,Departamento,4,Eficiente
265.71,True,6,Departamento,11,Moderado
141.51,False,11,Casa,11,Eficiente
790.66,True,16,Local,9,Ineficiente
178.15,True,5,Departamento,11,Moderado
484.11,True,5,Casa,12,Ineficiente
257.47,False,10,Departamento,8,Moderado
586.59,True,12,Local,9,Moderado
531.34,True,11,Casa,7,Ineficiente
863.14,True,13,Local,11,Ineficiente
134.92,False,9,Departamento,1,Eficiente
260.94,False,7,Departamento,2,Eficiente
767.38,True,16,Local,9,Ineficiente
305.67,False,10,Casa,7,Eficiente
254.61,False,3,Departamento,3,Moderado
385.02,True,10,Casa,6,Moderado
138.58,False,3,Departamento,8,Eficiente
219.02,False,6,Departamento,3,Eficiente
484.29,True,6,Casa,8,Ineficiente
293.99,False,13,Casa,11,Eficiente
454.13,False,12,Casa,6,Moderado
269.46,False,8,Casa,6,Eficiente
292.69,True,6,Casa,8,Moderado
254.08,False,8,Casa,1,Eficiente
1277.1,True,10,Casa,8,Ineficiente
488.96,False,13,Casa,4,Moderado
286.0,True,8,Departamento,4,Moderado
149.89,False,6,Departamento,3,Eficiente
203.54,False,7,Departamento,10,Eficiente
327.91,True,13,Casa,12,Moderado
648.26,True,9,Local,4,Moderado
312.02,True,6,Departamento,3,Ineficiente
197.45,False,6,Casa,10,Eficiente
220.08,False,10,Casa,7,Eficiente
151.39,False,9,Departamento,10,Eficiente
397.35,False,8,Casa,9,Moderado
256.73,False,6,Departamento,10,Moderado
550.06,True,17,Local,2,Eficiente
571.29,True,11,Casa,7,Ineficiente
397.25,True,7,Casa,6,Moderado
493.13,True,14,Local,11,Moderado
133.66,False,7,Departamento,8,Eficiente
303.57,False,9,Casa,9,Eficiente
308.41,True,25,Local,11,Eficiente
340.97,False,19,Local,9,Eficiente
207.12,False,4,Departamento,8,Moderado
255.74,False,8,Departamento,7,Moderado
441.94,True,13,Casa,7,Moderado
958.87,True,8,Casa,9,Ineficiente
255.12,False,4,Departamento,4,Moderado
304.61,True,8,Casa,5,Eficiente
177.25,False,3,Departamento,5,Eficiente
254.35,False,8,Departamento,5,Eficiente
234.98,False,6,Casa,5,Eficiente
616.32,False,5,Departamento,4,Ineficiente
519.01,True,10,Casa,12,Ineficiente
798.99,True,20,Local,11,Ineficiente
45.3,False,11,Casa,1,Eficiente
178.21,False,5,Departamento,6,Eficiente
131.63,False,8,Departamento,4,Eficiente
445.74,True,8,Casa,12,Ineficiente
270.28,False,5,Departamento,6,Moderado
194.21,False,8,Departamento,8,Eficiente
263.63,True,4,Departamento,11,Ineficiente
250.42,True,13,Departamento,9,Moderado
902.74,True,19,Local,10,Ineficiente
294.35,True,12,Casa,11,Eficiente
184.21,True,7,Departamento,7,Eficiente
300.76,False,11,Casa,4,Eficiente
305.8,False,4,Departamento,11,Ineficiente
172.46,True,6,Departamento,7,Eficiente
553.08,False,11,Casa,4,Moderado
264.3,True,11,Casa,4,Eficiente
383.79,True,19,Local,7,Eficiente
268.39,True,6,Casa,5,Eficiente
315.24,False,10,Departamento,8,Moderado
1064.18,False,8,Casa,10,Ineficiente
613.64,True,17,Local,12,Moderado
399.66,False,8,Casa,3,Moderado
296.98,True,9,Casa,12,Moderado
285.11,True,15,Local,8,Eficiente
404.64,True,14,Local,12,Eficiente
161.14,False,8,Casa,8,Eficiente
325.7,True,6,Departamento,10,Ineficiente
304.01,False,1,Departamento,12,Ineficiente
651.97,True,16,Local,8,Moderado
246.12,False,6,Casa,10,Eficiente
205.56,False,5,Departamento,6,Eficiente
423.77,True,2,Departamento,7,Ineficiente
232.15,False,6,Departamento,8,Moderado
239.28,False,5,Departamento,12,Moderado
218.24,False,6,Departamento,6,Eficiente
503.76,True,8,Casa,7,Ineficiente
496.26,True,9,Local,9,Moderado
216.76,False,10,Local,10,Eficiente
129.62,False,7,Departamento,1,Eficiente
358.97,True,8,Casa,2,Moderado
404.13,True,11,Casa,11,Moderado
323.61,False,4,Departamento,2,Ineficiente
318.63,False,14,Casa,12,Eficiente
943.77,True,15,Local,9,Ineficiente
270.86,False,8,Casa,8,Eficiente
174.21,False,7,Departamento,8,Eficiente
590.17,True,7,Local,8,Ineficiente
551.31,True,8,Casa,4,Ineficiente
327.42,True,16,Casa,10,Moderado
293.57,False,7,Departamento,6,Moderado
961.12,False,4,Departamento,5,Ineficiente
296.8,True,10,Casa,12,Moderado
268.27,True,4,Departamento,11,Ineficiente
379.12,True,17,Local,12,Eficiente
164.64,False,6,Departamento,3,Eficiente
481.54,True,7,Casa,5,Ineficiente
263.32,True,12,Casa,2,Eficiente
278.63,False,11,Casa,8,Eficiente
351.23,True,10,Casa,8,Moderado
350.03,False,7,Casa,10,Moderado
192.71,False,4,Departamento,9,Moderado
381.15,True,8,Casa,9,Moderado
625.61,True,16,Local,6,Moderado
601.0,True,5,Casa,9,Ineficiente
390.35,False,18,Casa,12,Moderado
86.51,False,7,Departamento,10,Eficiente
583.83,True,20,Local,3,Eficiente
64.63,False,5,Casa,4,Eficiente
389.16,True,10,Casa,6,Moderado
354.55,False,10,Casa,6,Eficiente
210.68,False,4,Departamento,8,Moderado
284.22,False,7,Departamento,3,Moderado
355.21,True,7,Casa,5,Moderado
379.51,True,11,Casa,11,Moderado
201.0,True,7,Departamento,7,Eficiente
684.37,True,18,Local,9,Moderado
172.79,False,9,Departamento,2,Eficiente
572.22,False,5,Departamento,9,Ineficiente
346.56,True,12,Casa,10,Moderado
343.69,False,6,Casa,4,Moderado
423.57,True,8,Casa,10,Ineficiente
317.23,False,7,Departamento,2,Moderado
532.03,True,17,Local,7,Eficiente
2412.04,True,9,Local,9,Ineficiente
788.73,True,18,Local,11,Ineficiente
336.36,True,20,Local,7,Eficiente
1481.19,False,12,Local,4,Ineficiente
284.95,False,8,Casa,6,Eficiente
236.28,False,7,Casa,4,Eficiente
712.85,True,8,Casa,7,Ineficiente
215.65,True,5,Departamento,10,Moderado
264.1,False,10,Casa,2,Eficiente
368.63,True,1,Departamento,12,Ineficiente
174.34,False,3,Departamento,4,Eficiente
237.38,False,3,Departamento,9,Moderado
362.02,True,10,Casa,6,Moderado
170.52,False,10,Casa,2,Eficiente
363.98,True,10,Casa,10,Moderado
767.85,True,12,Local,12,Ineficiente
185.33,False,7,Departamento,4,Eficiente
385.96,True,5,Departamento,3,Ineficiente
238.01,True,9,Casa,11,Eficiente
296.9,False,11,Casa,3,Eficiente
475.41,True,11,Casa,10,Ineficiente
234.38,False,8,Departamento,12,Moderado
390.25,True,10,Departamento,6,Ineficiente
406.64,True,13,Casa,11,Moderado
489.72,True,14,Local,8,Eficiente
418.21,True,11,Casa,11,Moderado
583.67,True,15,Local,11,Moderado
137.46,False,4,Casa,11,Eficiente
570.43,True,8,Casa,6,Ineficiente
186.39,False,6,Departamento,9,Eficiente
206.97,False,7,Casa,12,Eficiente
533.43,True,11,Casa,8,Ineficiente
472.59,False,5,Casa,8,Ineficiente
419.28,True,6,Casa,5,Ineficiente
342.21,False,4,Departamento,10,Ineficiente
505.92,True,15,Local,10,Moderado
518.39,True,12,Local,10,Moderado
980.98,False,11,Casa,11,Ineficiente
229.44,False,8,Departamento,1,Eficiente
368.19,True,4,Casa,12,Ineficiente
293.49,True,16,Casa,12,Eficiente
353.48,True,8,Casa,9,Moderado
501.41,True,12,Local,10,Moderado
348.26,True,17,Local,3,Eficiente
286.93,False,8,Departamento,6,Moderado
122.42,False,8,Departamento,1,Eficiente
247.87,False,10,Departamento,10,Moderado
134.47,False,6,Departamento,3,Eficiente
240.57,True,4,Departamento,7,Moderado
320.02,True,9,Casa,11,Moderado
105.37,False,10,Casa,2,Eficiente
484.61,True,10,Casa,11,Ineficiente
691.84,True,18,Local,1,Moderado
98.53,False,7,Departamento,8,Eficiente
812.46,True,13,Local,12,Ineficiente
340.27,True,3,Casa,8,Ineficiente
212.47,False,8,Departamento,3,Eficiente
291.82,False,5,Casa,9,Moderado
986.42,True,9,Casa,8,Ineficiente
393.02,False,8,Casa,8,Moderado
242.75,False,2,Casa,12,Ineficiente
564.7,False,18,Local,6,Eficiente
262.46,False,11,Casa,10,Eficiente
307.65,False,4,Departamento,10,Ineficiente
759.9,False,5,Departamento,4,Ineficiente
398.86,True,8,Casa,10,Moderado
121.28,False,4,Departamento,9,Eficiente
412.29,True,11,Casa,12,Moderado
789.89,True,9,Local,12,Ineficiente
68.13,False,10,Departamento,2,Eficiente
259.76,False,10,Departamento,3,Eficiente
346.5,False,5,Departamento,8,Ineficiente
326.04,False,6,Casa,6,Moderado
501.78,True,13,Local,7,Moderado
212.25,True,7,Casa,4,Eficiente
360.67,True,6,Casa,10,Moderado
174.26,False,8,Casa,10,Eficiente
142.88,False,5,Departamento,6,Eficiente
387.79,False,4,Departamento,5,Ineficiente
219.48,True,6,Departamento,7,Moderado
63.3,False,3,Departamento,5,Eficiente
226.73,False,8,Casa,10,Eficiente
489.98,False,16,Local,2,Eficiente
259.92,False,10,Casa,5,Eficiente
95.13,False,7,Departamento,4,Eficiente
451.27,False,16,Casa,6,Moderado
682.14,True,19,Local,10,Moderado
306.49,True,9,Casa,11,Moderado
296.26,True,6,Casa,5,Moderado
281.6,False,4,Departamento,7,Ineficiente
584.56,True,7,Casa,10,Ineficiente
392.3,False,11,Casa,11,Moderado
230.37,False,5,Departamento,8,Moderado
390.68,True,9,Casa,4,Moderado
685.47,False,16,Local,5,Moderado
305.64,True,12,Casa,6,Eficiente
338.58,True,5,Departamento,9,Ineficiente
124.15,True,6,Departamento,3,Eficiente
229.48,False,13,Departamento,1,Eficiente
220.54,False,6,Departamento,11,Moderado
208.56,False,2,Departamento,2,Moderado
577.45,False,12,Local,10,Moderado
278.44,False,3,Casa,12,Moderado
87.63,False,9,Casa,11,Eficiente
189.39,False,5,Departamento,6,Eficiente
190.98,False,8,Departamento,7,Eficiente
466.25,False,6,Casa,9,Ineficiente
403.8,True,9,Casa,5,Moderado
735.32,True,10,Local,6,Ineficiente
233.97,True,5,Departamento,5,Moderado
1087.05,False,14,Local,4,Ineficiente
244.21,False,3,Departamento,7,Moderado
842.39,False,10,Departamento,6,Ineficiente
328.5,False,7,Casa,1,Eficiente
539.21,True,10,Local,10,Moderado
333.53,True,7,Casa,8,Moderado
316.48,False,16,Departamento,7,Moderado
438.34,True,9,Casa,11,Ineficiente
123.9,False,12,Departamento,1,Eficiente
220.77,False,8,Departamento,4,Eficiente
301.36,True,3,Departamento,5,Ineficiente
2081.09,True,21,Local,9,Ineficiente
163.43,True,8,Casa,6,Eficiente
144.52,False,8,Departamento,6,Eficiente
279.21,False,8,Casa,12,Eficiente
213.64,False,12,Casa,1,Eficiente
562.58,True,10,Casa,11,Ineficiente
455.08,True,6,Casa,10,Ineficiente
85.68,False,12,Casa,1,Eficiente
189.64,False,8,Departamento,7,Eficiente
171.03,False,4,Departamento,3,Eficiente
463.38,False,5,Departamento,9,Ineficiente
168.35,False,9,Casa,10,Eficiente
1058.37,False,12,Casa,5,Ineficiente
293.31,True,7,Casa,10,Moderado
103.34,False,8,Departamento,3,Eficiente
792.43,True,17,Local,5,Moderado
191.07,False,13,Casa,1,Eficiente
174.44,True,7,Departamento,12,Eficiente
583.37,True,5,Casa,9,Ineficiente
387.5,False,8,Casa,10,Moderado
406.98,True,4,Casa,11,Ineficiente
266.96,False,9,Casa,11,Eficiente
271.95,False,8,Departamento,8,Moderado
767.21,True,24,Local,7,Moderado
436.67,True,5,Casa,5,Ineficiente
219.69,False,5,Departamento,11,Moderado
834.08,False,10,Departamento,10,Ineficiente
804.15,True,15,Local,11,Ineficiente
180.31,False,2,Departamento,5,Moderado
304.35,False,6,Casa,7,Eficiente
292.23,True,5,Departamento,8,Ineficiente
316.0,True,6,Casa,11,Moderado
525.49,False,10,Local,7,Moderado
423.32,True,9,Casa,11,Ineficiente
179.33,False,12,Departamento,9,Eficiente
154.52,False,10,Casa,12,Eficiente
541.64,True,8,Casa,12,Ineficiente
258.96,False,11,Local,3,Eficiente
51.32,False,5,Departamento,12,Eficiente
371.89,False,5,Casa,1,Moderado
548.24,True,20,Local,6,Eficiente
727.2,False,14,Local,12,Moderado
503.71,True,7,Casa,8,Ineficiente
245.33,False,8,Departamento,12,Moderado
281.39,False,9,Departamento,7,Moderado
175.26,True,7,Departamento,9,Eficiente
220.95,False,3,Casa,7,Moderado
239.22,True,13,Casa,12,Eficiente
759.89,True,12,Local,4,Ineficiente
494.75,False,14,Local,5,Eficiente
315.94,False,4,Departamento,9,Ineficiente
406.4,True,14,Local,9,Eficiente
151.94,True,9,Departamento,12,Eficiente
273.66,True,9,Departamento,9,Moderado
359.58,False,8,Departamento,2,Moderado
222.94,False,5,Departamento,8,Moderado
201.88,False,5,Departamento,4,Eficiente
210.57,False,5,Casa,6,Eficiente
211.55,False,3,Departamento,1,Moderado
380.04,True,5,Casa,11,Ineficiente
357.92,True,10,Casa,7,Moderado
350.26,False,9,Departamento,10,Ineficiente
1058.9,False,8,Casa,6,Ineficiente
228.31,False,6,Casa,12,Eficiente
797.75,False,5,Departamento,5,Ineficiente
426.3,False,12,Local,2,Eficiente
198.01,True,7,Casa,6,Eficiente
344.18,False,14,Casa,1,Eficiente
294.13,False,10,Casa,10,Eficiente
391.54,True,9,Departamento,12,Ineficiente
242.34,False,6,Departamento,3,Eficiente
267.73,True,6,Casa,8,Moderado
167.7,False,3,Departamento,10,Moderado
535.65,True,12,Casa,9,Ineficiente
340.12,True,11,Casa,10,Moderado
491.27,True,17,Local,10,Eficiente
502.41,True,9,Casa,7,Ineficiente
286.01,True,14,Casa,8,Eficiente
379.37,True,3,Casa,4,Ineficiente
173.32,False,6,Departamento,8,Eficiente
220.57,False,20,Local,12,Eficiente
494.57,True,9,Local,9,Moderado
343.34,True,7,Casa,5,Moderado
146.29,False,12,Casa,8,Eficiente
224.93,False,4,Departamento,1,Eficiente
521.4,True,15,Casa,8,Ineficiente
609.58,True,7,Local,4,Ineficiente
178.07,False,9,Departamento,9,Eficiente
333.78,True,9,Casa,11,Moderado
182.0,False,3,Departamento,11,Moderado
439.57,True,5,Casa,10,Ineficiente
259.76,False,7,Casa,8,Eficiente
183.78,False,7,Departamento,6,Eficiente
239.18,False,8,Departamento,6,Eficiente
375.35,False,7,Departamento,9,Ineficiente
224.39,False,11,Departamento,12,Eficiente
580.42,True,10,Local,7,Moderado
533.95,True,20,Local,10,Moderado
66.19,False,5,Departamento,8,Eficiente
330.22,True,12,Casa,7,Eficiente
146.89,False,7,Departamento,5,Eficiente
462.15,True,14,Local,12,Moderado
245.98,True,9,Casa,10,Eficiente
240.98,True,5,Departamento,7,Moderado
498.32,True,8,Casa,11,Ineficiente
387.37,True,7,Casa,4,Moderado
227.44,False,8,Departamento,4,Eficiente
394.05,True,8,Casa,8,Moderado
349.96,False,8,Departamento,2,Moderado
296.81,True,6,Departamento,7,Ineficiente
294.41,False,9,Departamento,6,Moderado
512.98,True,6,Casa,9,Ineficiente
488.76,True,13,Casa,2,Moderado
202.63,False,8,Departamento,8,Eficiente
307.93,True,6,Departamento,10,Ineficiente
148.33,True,7,Departamento,9,Eficiente
485.44,True,9,Local,3,Moderado
441.84,False,7,Casa,8,Moderado
488.98,False,14,Local,5,Eficiente
179.39,False,10,Casa,4,Eficiente
266.52,False,8,Casa,1,Eficiente
297.46,True,9,Departamento,6,Moderado
229.53,False,11,Casa,6,Eficiente
437.3,True,9,Casa,11,Ineficiente
370.48,True,12,Casa,10,Moderado
183.14,False,6,Casa,9,Eficiente
549.59,True,3,Departamento,10,Ineficiente
327.35,False,8,Casa,1,Eficiente
104.16,False,6,Departamento,9,Eficiente
267.46,False,6,Departamento,1,Moderado
170.71,False,12,Casa,6,Eficiente
343.62,True,7,Casa,3,Moderado
741.1,True,18,Local,11,Moderado
331.8,False,7,Departamento,10,Ineficiente
187.47,False,7,Departamento,4,Eficiente
345.02,False,6,Departamento,3,Ineficiente
151.36,False,14,Casa,4,Eficiente
413.46,False,8,Casa,2,Moderado
87.52,False,4,Departamento,9,Eficiente
395.36,True,11,Casa,6,Moderado
124.26,False,5,Departamento,3,Eficiente
208.26,False,4,Departamento,4,Eficiente
190.34,True,6,Departamento,12,Moderado
166.63,False,4,Departamento,7,Eficiente
578.95,True,11,Casa,9,Ineficiente
451.74,False,11,Casa,11,Moderado
299.25,True,11,Casa,5,Eficiente
230.69,False,5,Departamento,5,Moderado
448.17,True,11,Casa,12,Ineficiente
182.28,False,12,Casa,7,Eficiente
234.5,False,7,Casa,3,Eficiente
389.98,True,15,Casa,11,Moderado
177.71,False,3,Departamento,10,Moderado
229.04,False,9,Casa,5,Eficiente
599.81,True,18,Local,12,Moderado
345.54,True,12,Casa,8,Moderado
191.28,False,7,Departamento,7,Eficiente
227.57,False,9,Casa,3,Eficiente
362.16,False,16,Casa,1,Eficiente
1233.37,True,20,Local,10,Ineficiente
533.53,True,16,Local,11,Moderado
687.57,True,30,Local,11,Moderado
220.67,False,10,Casa,5,Eficiente
400.91,True,12,Casa,9,Moderado
242.27,True,3,Departamento,8,Ineficiente
352.32,True,6,Casa,8,Moderado
166.6,False,4,Departamento,12,Eficiente
211.52,False,7,Departamento,5,Eficiente
168.36,True,6,Departamento,7,Eficiente
123.55,False,3,Departamento,2,Eficiente
281.1,False,6,Departamento,12,Moderado
518.04,True,10,Casa,8,Ineficiente
350.81,True,8,Casa,7,Moderado
356.62,False,7,Departamento,6,Ineficiente
305.17,True,4,Departamento,11,Ineficiente
257.76,False,11,Casa,10,Eficiente
320.37,False,11,Casa,6,Eficiente
246.54,True,4,Departamento,8,Moderado
168.68,True,11,Departamento,12,Eficiente
197.05,False,7,Departamento,10,Eficiente
188.69,True,10,Casa,11,Eficiente
398.74,True,10,Casa,12,Moderado
304.56,False,5,Departamento,5,Moderado
420.78,True,8,Casa,11,Ineficiente
37.48,False,5,Departamento,9,Eficiente
190.94,False,7,Departamento,4,Eficiente
646.3,True,9,Casa,12,Ineficiente
275.38,True,8,Casa,6,Eficiente
317.86,True,9,Casa,10,Moderado
537.99,False,16,Local,7,Eficiente
278.73,True,6,Departamento,12,Ineficiente
280.91,False,8,Casa,9,Eficiente
533.13,True,22,Local,9,Eficiente
128.94,False,6,Departamento,10,Eficiente
253.87,True,4,Departamento,4,Moderado
912.47,True,13,Local,10,Ineficiente
375.45,True,9,Casa,10,Moderado
395.8,False,7,Casa,6,Moderado
250.16,False,9,Departamento,8,Moderado
343.6,True,11,Casa,7,Moderado
103.65,False,8,Departamento,1,Eficiente
480.36,True,13,Casa,6,Moderado
275.96,False,5,Casa,3,Eficiente
468.34,True,11,Casa,8,Moderado
414.62,True,11,Casa,5,Moderado
348.56,False,9,Casa,4,Eficiente
312.21,False,6,Casa,9,Moderado
799.51,True,19,Local,11,Ineficiente
641.2,True,8,Casa,10,Ineficiente
251.96,False,7,Casa,3,Eficiente
385.75,False,11,Casa,10,Moderado
259.97,True,13,Casa,9,Eficiente
564.27,True,18,Casa,9,Ineficiente
226.96,False,3,Departamento,2,Moderado
456.42,True,14,Casa,7,Moderado
249.06,True,22,Local,5,Eficiente
395.49,True,16,Local,4,Eficiente
268.6,False,8,Casa,1,Eficiente
411.51,True,10,Casa,9,Moderado
380.92,True,12,Casa,11,Moderado
170.6,True,7,Departamento,12,Eficiente
288.01,True,13,Casa,6,Eficiente
572.75,False,14,Local,11,Moderado
253.29,True,7,Departamento,10,Moderado
801.68,True,7,Departamento,3,Ineficiente
251.92,False,5,Departamento,2,Moderado
496.58,False,21,Local,10,Eficiente
440.98,False,10,Casa,4,Moderado
396.72,True,15,Casa,8,Moderado
375.88,False,10,Casa,7,Moderado
298.33,False,17,Local,12,Eficiente
225.81,False,9,Departamento,9,Eficiente
243.11,True,6,Departamento,10,Moderado
344.97,True,8,Casa,6,Moderado
623.16,True,12,Local,12,Moderado
125.91,False,11,Departamento,2,Eficiente
217.54,False,3,Departamento,10,Moderado
224.37,False,21,Local,10,Eficiente
401.73,False,8,Casa,4,Moderado
377.53,False,9,Casa,2,Eficiente
156.28,False,4,Departamento,10,Eficiente
357.09,False,14,Casa,10,Eficiente
796.98,True,6,Casa,10,Ineficiente
553.25,False,10,Casa,1,Moderado
223.95,True,8,Casa,11,Eficiente
625.35,True,12,Local,5,Moderado
302.52,False,8,Departamento,3,Moderado
401.32,False,10,Casa,7,Moderado
311.57,True,6,Casa,11,Moderado
561.15,True,11,Casa,10,Ineficiente
895.8,True,7,Departamento,10,Ineficiente
746.0,True,15,Local,12,Ineficiente
774.55,True,16,Local,10,Ineficiente
241.58,False,5,Casa,12,Eficiente
783.71,False,7,Casa,12,Ineficiente
274.43,False,4,Departamento,7,Moderado
357.08,True,6,Departamento,11,Ineficiente
193.6,False,15,Departamento,1,Eficiente
674.44,False,8,Departamento,8,Ineficiente
191.71,False,5,Departamento,2,Eficiente
233.62,False,11,Casa,8,Eficiente
388.82,True,14,Casa,3,Moderado
185.23,False,5,Casa,10,Eficiente
292.58,False,10,Casa,4,Eficiente
91.72,False,4,Casa,2,Eficiente
91.82,False,7,Departamento,5,Eficiente
378.85,True,6,Casa,11,Ineficiente
289.97,True,9,Casa,7,Eficiente
98.11,False,8,Departamento,12,Eficiente
269.69,False,2,Departamento,4,Ineficiente
171.43,False,8,Casa,9,Eficiente
108.39,False,6,Departamento,3,Eficiente
571.14,True,13,Local,9,Moderado
134.01,False,8,Departamento,5,Eficiente
211.86,False,10,Departamento,8,Eficiente
480.27,False,8,Casa,9,Ineficiente
902.16,True,12,Local,8,Ineficiente
193.08,True,11,Casa,9,Eficiente
666.33,False,12,Local,10,Moderado
187.02,False,4,Departamento,5,Eficiente
445.63,True,11,Casa,5,Moderado
265.88,False,6,Casa,6,Eficiente
290.85,True,4,Departamento,12,Ineficiente
224.84,True,11,Departamento,10,Moderado
542.19,True,7,Casa,7,Ineficiente
156.12,False,5,Departamento,4,Eficiente
769.17,True,13,Local,10,Ineficiente
297.73,False,8,Departamento,12,Moderado
278.3,True,8,Departamento,8,Moderado
439.95,True,8,Casa,1,Moderado
107.12,False,7,Departamento,9,Eficiente
648.94,True,5,Casa,7,Ineficiente
1777.91,False,17,Local,1,Ineficiente
239.95,False,7,Casa,9,Eficiente
240.18,False,9,Departamento,5,Eficiente
422.66,True,14,Casa,1,Moderado
318.51,False,10,Casa,5,Eficiente
162.79,True,3,Departamento,5,Moderado
160.68,False,6,Departamento,8,Eficiente
1195.03,True,10,Departamento,12,Ineficiente
904.33,True,14,Local,11,Ineficiente
599.41,True,15,Local,8,Moderado
915.35,True,16,Local,8,Ineficiente
329.68,False,7,Casa,12,Moderado
229.94,False,5,Departamento,5,Moderado
871.63,True,12,Local,4,Ineficiente
502.67,True,5,Casa,11,Ineficiente
260.16,False,9,Casa,1,Eficiente
202.6,False,3,Departamento,6,Moderado
226.8,False,5,Departamento,8,Moderado
289.94,False,5,Departamento,2,Moderado
651.53,True,18,Local,10,Moderado
163.87,False,3,Departamento,2,Eficiente
360.96,True,6,Casa,11,Moderado
464.56,False,8,Casa,4,Moderado
447.09,False,7,Casa,8,Moderado
330.85,True,5,Casa,3,Moderado
177.53,True,4,Departamento,9,Moderado
272.53,True,8,Departamento,12,Moderado
315.33,True,10,Casa,3,Eficiente
141.34,False,8,Casa,9,Eficiente
681.14,True,10,Local,8,Ineficiente
223.25,False,8,Casa,1,Eficiente
98.69,False,6,Departamento,4,Eficiente
1171.88,True,9,Departamento,11,Ineficiente
91.59,False,4,Departamento,6,Eficiente
388.2,False,7,Casa,2,Moderado
200.34,False,8,Departamento,8,Eficiente
333.45,False,13,Casa,10,Eficiente
264.48,False,5,Departamento,6,Moderado
358.99,False,8,Casa,2,Eficiente
135.5,False,6,Departamento,2,Eficiente
323.81,False,4,Departamento,5,Ineficiente
1584.33,True,13,Casa,6,Ineficiente
207.52,False,7,Casa,10,Eficiente
321.66,True,9,Casa,9,Moderado
372.65,True,5,Casa,4,Moderado
713.82,False,9,Casa,9,Ineficiente
564.01,True,11,Local,5,Moderado
521.78,True,4,Casa,4,Ineficiente
303.56,True,7,Departamento,10,Ineficiente
436.16,True,10,Local,11,Moderado
459.03,False,6,Casa,9,Ineficiente
312.11,False,6,Departamento,6,Moderado
719.04,True,13,Local,12,Ineficiente
104.08,True,5,Departamento,11,Eficiente
384.82,True,9,Casa,8,Moderado
565.31,True,3,Casa,11,Ineficiente
170.13,False,13,Casa,1,Eficiente
343.92,False,9,Departamento,12,Ineficiente
708.81,True,9,Local,8,Ineficiente
276.27,True,18,Local,5,Eficiente
349.07,True,4,Casa,10,Ineficiente
247.19,True,8,Departamento,5,Moderado
393.96,False,7,Casa,2,Moderado
583.44,True,18,Local,9,Moderado
240.25,False,8,Casa,2,Eficiente
773.6,True,9,Local,8,Ineficiente
277.23,False,2,Departamento,9,Ineficiente
386.09,True,10,Casa,11,Moderado
217.21,False,6,Casa,10,Eficiente
156.04,True,4,Departamento,6,Eficiente
432.87,True,9,Casa,7,Moderado
678.91,True,5,Departamento,5,Ineficiente
893.15,True,13,Local,9,Ineficiente
129.49,False,5,Departamento,2,Eficiente
476.94,False,9,Casa,3,Moderado
382.68,False,11,Casa,4,Eficiente
127.66,False,11,Casa,6,Eficiente
745.06,True,16,Local,11,Ineficiente
233.98,False,12,Casa,9,Eficiente
417.77,True,12,Casa,9,Moderado
352.54,False,8,Casa,3,Eficiente
296.55,True,13,Local,8,Eficiente
368.16,True,7,Casa,9,Moderado
389.11,True,14,Local,7,Eficiente
352.66,True,5,Departamento,8,Ineficiente
182.0,True,5,Departamento,11,Moderado
530.8,True,19,Local,8,Eficiente
797.33,False,6,Departamento,5,Ineficiente
879.76,True,12,Local,11,Ineficiente
499.14,True,7,Casa,12,Ineficiente
226.69,True,7,Departamento,12,Moderado
308.45,False,3,Departamento,7,Ineficiente
143.8,False,4,Departamento,8,Eficiente
478.58,True,18,Local,10,Eficiente
811.72,True,12,Local,10,Ineficiente
313.46,False,11,Departamento,9,Moderado
117.7,False,9,Departamento,11,Eficiente
313.26,True,8,Departamento,5,Moderado
366.4,True,7,Casa,9,Moderado
251.71,False,9,Casa,8,Eficiente
469.39,True,9,Casa,10,Ineficiente
268.7,False,12,Casa,12,Eficiente
267.39,False,10,Casa,1,Eficiente
82.78,False,12,Departamento,11,Eficiente
393.0,True,13,Casa,10,Moderado
475.37,True,11,Local,11,Moderado
211.64,False,7,Departamento,4,Eficiente
563.72,True,6,Casa,7,Ineficiente
544.83,True,12,Casa,3,Ineficiente
393.17,False,10,Casa,1,Eficiente
706.52,False,24,Local,8,Moderado
405.49,False,10,Casa,12,Moderado
350.03,True,7,Departamento,3,Ineficiente
411.99,True,15,Local,10,Eficiente
561.24,False,14,Local,1,Eficiente
444.98,True,7,Casa,6,Ineficiente
199.16,False,10,Casa,8,Eficiente
427.3,False,9,Casa,4,Moderado
261.91,False,14,Casa,2,Eficiente
388.22,False,12,Casa,11,Moderado
275.78,False,7,Departamento,11,Moderado
373.68,True,20,Local,6,Eficiente
253.7,True,8,Departamento,12,Moderado
136.13,False,9,Departamento,1,Eficiente
322.7,False,6,Casa,9,Moderado
161.22,False,5,Departamento,10,Eficiente
327.55,True,7,Departamento,4,Ineficiente
888.62,True,22,Local,12,Ineficiente
461.03,True,10,Local,7,Moderado
410.14,True,6,Casa,11,Ineficiente
364.17,False,5,Casa,1,Moderado
373.43,False,9,Casa,11,Moderado
371.47,False,12,Casa,8,Eficiente
290.57,False,15,Local,12,Eficiente
427.06,True,11,Casa,4,Moderado
819.92,False,6,Departamento,8,Ineficiente
291.22,True,7,Departamento,6,Moderado
403.51,True,12,Casa,9,Moderado
337.69,False,9,Casa,3,Eficiente
225.9,True,5,Departamento,10,Moderado
197.46,False,6,Departamento,12,Eficiente
547.06,True,10,Casa,11,Ineficiente
387.36,True,10,Casa,3,Moderado
281.33,True,6,Departamento,5,Moderado
402.52,True,7,Casa,6,Moderado
274.74,True,14,Local,11,Eficiente
475.34,True,13,Casa,6,Moderado
1269.35,True,4,Casa,12,Ineficiente
240.75,False,7,Departamento,7,Moderado
206.4,False,4,Departamento,2,Eficiente
106.88,False,6,Departamento,11,Eficiente
242.24,False,5,Casa,1,Eficiente
582.91,True,9,Local,7,Moderado
296.31,False,9,Departamento,7,Moderado
255.2,True,5,Departamento,12,Ineficiente
57.4,False,11,Casa,7,Eficiente
292.75,True,6,Casa,10,Moderado
171.5,False,5,Departamento,11,Eficiente
441.31,True,8,Casa,8,Ineficiente
314.34,False,4,Departamento,4,Ineficiente
307.63,True,19,Casa,10,Eficiente
508.39,True,14,Local,12,Moderado
239.5,True,5,Departamento,10,Moderado
729.74,True,15,Local,9,Moderado
241.07,False,6,Departamento,11,Moderado
446.14,True,12,Casa,11,Moderado
290.71,False,6,Departamento,2,Moderado
273.5,True,8,Departamento,10,Moderado
243.49,False,5,Departamento,11,Moderado
367.85,False,11,Casa,3,Eficiente
204.91,False,10,Departamento,10,Eficiente
552.98,True,14,Local,11,Moderado
378.69,False,8,Departamento,8,Ineficiente
504.57,True,10,Casa,9,Ineficiente
161.3,False,4,Departamento,5,Eficiente
279.68,True,7,Departamento,11,Moderado
833.19,True,10,Local,9,Ineficiente
314.57,False,8,Casa,6,Eficiente
406.11,True,8,Casa,8,Moderado
213.29,False,3,Departamento,12,Moderado
256.38,True,6,Departamento,5,Moderado
318.67,True,5,Departamento,11,Ineficiente
195.07,False,6,Departamento,1,Eficiente
410.71,True,6,Casa,10,Ineficiente
268.15,True,6,Departamento,8,Moderado
530.19,True,8,Casa,9,Ineficiente
145.2,False,9,Casa,7,Eficiente
241.24,True,5,Departamento,9,Moderado
168.7,True,6,Departamento,6,Eficiente
522.92,True,10,Local,3,Moderado
294.99,True,8,Casa,11,Moderado
1446.77,False,9,Casa,5,Ineficiente
805.3,True,14,Local,2,Moderado
535.51,True,8,Casa,5,Ineficiente
378.81,True,7,Casa,4,Moderado
314.88,False,9,Casa,9,Eficiente
320.65,False,5,Departamento,5,Ineficiente
409.49,False,14,Local,6,Eficiente
276.9,False,10,Departamento,9,Moderado
185.24,False,6,Departamento,8,Eficiente
440.85,True,8,Casa,6,Moderado
454.24,False,9,Casa,5,Moderado
308.29,True,7,Departamento,10,Ineficiente
306.84,False,12,Casa,9,Eficiente
389.64,False,8,Casa,5,Moderado
491.66,True,10,Casa,4,Moderado
576.86,True,9,Casa,3,Ineficiente
153.49,True,8,Departamento,11,Eficiente
217.69,False,3,Departamento,2,Moderado
439.11,True,9,Casa,12,Ineficiente
185.66,True,3,Departamento,5,Moderado
280.1,False,4,Departamento,4,Moderado
181.63,False,4,Departamento,6,Eficiente
280.68,True,4,Departamento,7,Ineficiente
355.3,True,9,Casa,4,Moderado
267.56,False,5,Departamento,11,Moderado
343.51,False,9,Casa,6,Eficiente
416.89,True,10,Casa,7,Moderado
336.12,True,15,Casa,9,Moderado
189.98,False,8,Departamento,12,Eficiente
372.76,True,7,Casa,12,Moderado
223.05,False,10,Casa,2,Eficiente
366.38,False,6,Departamento,9,Ineficiente
505.65,False,6,Casa,2,Ineficiente
213.18,False,13,Casa,1,Eficiente
298.15,True,8,Casa,12,Moderado
361.71,False,5,Casa,6,Moderado
588.92,True,6,Casa,6,Ineficiente
299.28,True,13,Casa,5,Eficiente
270.08,False,13,Casa,8,Eficiente
160.38,False,12,Departamento,7,Eficiente
299.33,True,24,Local,7,Eficiente
107.28,False,7,Departamento,5,Eficiente
288.49,True,10,Departamento,11,Moderado
435.33,False,10,Local,11,Eficiente
374.25,True,20,Local,9,Eficiente
48.05,False,7,Departamento,6,Eficiente
351.87,False,15,Local,2,Eficiente
682.73,True,12,Local,11,Ineficiente
339.35,False,4,Departamento,5,Ineficiente
228.14,False,7,Departamento,8,Eficiente
283.9,True,8,Casa,9,Moderado
549.07,True,13,Casa,5,Ineficiente
105.84,False,9,Departamento,12,Eficiente
144.12,False,8,Departamento,3,Eficiente
144.74,True,8,Casa,12,Eficiente
89.27,False,10,Departamento,3,Eficiente
250.63,False,7,Departamento,5,Moderado
113.85,False,2,Departamento,10,Eficiente
229.67,True,4,Casa,6,Moderado
677.75,True,8,Casa,11,Ineficiente
260.17,False,6,Departamento,11,Moderado
195.61,False,11,Departamento,4,Eficiente
547.14,True,12,Local,10,Moderado
628.36,True,14,Local,6,Moderado
705.51,True,20,Local,12,Moderado
420.91,True,6,Casa,12,Ineficiente
217.28,False,9,Casa,1,Eficiente
344.97,True,13,Casa,11,Moderado
181.97,False,6,Departamento,9,Eficiente
262.86,False,18,Local,11,Eficiente
358.09,False,7,Casa,5,Moderado
260.75,True,6,Departamento,5,Moderado
451.54,True,12,Casa,10,Moderado
570.74,True,11,Casa,9,Ineficiente
396.63,False,7,Casa,12,Moderado
285.23,False,7,Casa,9,Eficiente
713.99,True,16,Local,11,Moderado
444.45,True,10,Casa,5,Moderado
269.88,False,5,Departamento,6,Moderado
311.66,True,8,Departamento,2,Moderado
266.21,False,13,Casa,2,Eficiente
226.0,False,11,Casa,5,Eficiente
169.3,False,4,Departamento,5,Eficiente
138.81,False,4,Casa,9,Eficiente
358.96,True,15,Local,7,Eficiente
162.18,False,10,Casa,12,Eficiente
217.62,False,2,Departamento,10,Ineficiente
169.17,False,6,Departamento,11,Eficiente
242.43,False,9,Casa,4,Eficiente
208.67,False,9,Casa,7,Eficiente
484.64,True,9,Local,11,Moderado
387.59,False,14,Casa,10,Moderado
206.07,False,6,Casa,11,Eficiente
284.79,True,9,Casa,7,Eficiente
614.2,True,7,Casa,12,Ineficiente
233.04,True,5,Departamento,7,Moderado
157.74,False,6,Departamento,4,Eficiente
293.38,False,11,Casa,3,Eficiente
186.07,True,6,Departamento,5,Eficiente
277.35,True,12,Casa,8,Eficiente
532.34,True,7,Casa,3,Ineficiente
186.48,False,7,Departamento,6,Eficiente
221.57,True,21,Local,4,Eficiente
276.37,False,7,Casa,12,Eficiente
455.71,True,11,Casa,5,Moderado
243.47,True,9,Departamento,8,Moderado
220.24,True,5,Departamento,10,Moderado
347.72,True,3,Casa,12,Ineficiente
344.92,True,11,Casa,9,Moderado
260.5,True,2,Departamento,11,Ineficiente
249.75,True,9,Casa,8,Eficiente
342.95,False,8,Casa,1,Eficiente
258.19,False,9,Casa,4,Eficiente
370.4,True,9,Casa,12,Moderado
211.44,False,8,Departamento,1,Eficiente
730.92,True,17,Local,4,Moderado
173.62,False,3,Departamento,1,Eficiente
235.3,True,10,Departamento,9,Moderado
262.19,True,11,Local,10,Eficiente
321.65,True,11,Casa,12,Moderado
236.64,True,9,Casa,12,Eficiente
359.98,True,13,Local,12,Eficiente
469.03,True,9,Casa,10,Ineficiente
146.63,False,11,Departamento,1,Eficiente
265.53,True,4,Departamento,12,Ineficiente
401.22,True,13,Casa,11,Moderado
197.16,False,5,Departamento,12,Moderado
296.23,True,8,Casa,11,Moderado
367.46,True,17,Casa,6,Eficiente
236.36,False,6,Departamento,3,Eficiente
339.94,True,10,Casa,6,Moderado
237.6,False,6,Departamento,10,Moderado
374.48,True,19,Local,10,Eficiente
348.12,True,8,Departamento,9,Ineficiente
245.89,False,14,Casa,9,Eficiente
358.46,False,9,Casa,4,Eficiente
275.48,False,10,Casa,11,Eficiente
236.61,True,6,Casa,8,Eficiente
574.25,True,14,Local,12,Moderado
155.27,False,11,Casa,4,Eficiente
306.97,False,9,Casa,12,Eficiente
250.53,False,5,Departamento,4,Moderado
418.04,False,7,Casa,9,Moderado
266.64,False,5,Casa,1,Eficiente
652.49,True,10,Casa,9,Ineficiente
225.86,False,5,Departamento,7,Moderado
164.61,False,8,Departamento,7,Eficiente
456.28,False,14,Casa,2,Moderado
568.15,False,11,Local,1,Eficiente
762.38,True,14,Local,11,Ineficiente
284.19,False,5,Departamento,3,Moderado
506.52,True,8,Casa,10,Ineficiente
445.43,False,6,Casa,3,Moderado
579.09,True,20,Local,4,Eficiente
572.34,True,9,Casa,1,Ineficiente
198.38,False,6,Departamento,7,Eficiente
97.96,False,8,Departamento,7,Eficiente
255.56,True,12,Casa,7,Eficiente
204.39,False,4,Departamento,9,Moderado
793.15,True,17,Local,11,Ineficiente
235.32,False,7,Departamento,3,Eficiente
42.71,False,8,Casa,6,Eficiente
675.86,True,15,Local,7,Moderado
154.52,True,5,Departamento,11,Eficiente
210.55,False,5,Departamento,5,Eficiente
214.28,False,6,Departamento,3,Eficiente
215.53,False,4,Departamento,11,Moderado
296.46,False,10,Casa,6,Eficiente
416.99,True,8,Casa,2,Moderado
368.18,False,6,Casa,2,Moderado
318.77,False,7,Departamento,4,Moderado
115.08,False,4,Departamento,12,Eficiente
382.7,True,3,Departamento,11,Ineficiente
383.06,True,5,Casa,5,Ineficiente
217.37,False,5,Departamento,5,Eficiente
410.9,True,21,Local,8,Eficiente
508.51,True,12,Casa,11,Ineficiente
266.42,False,4,Departamento,6,Moderado
230.23,False,4,Departamento,10,Moderado
81.92,True,8,Departamento,10,Eficiente
395.85,True,3,Casa,7,Ineficiente
135.47,False,11,Departamento,1,Eficiente
466.56,False,16,Local,4,Eficiente
178.06,False,6,Departamento,4,Eficiente
902.12,True,19,Local,11,Ineficiente
845.49,True,14,Local,9,Ineficiente
445.87,True,8,Casa,7,Ineficiente
299.5,True,10,Departamento,10,Moderado
109.25,False,8,Departamento,10,Eficiente
764.82,True,18,Local,12,Ineficiente
237.25,True,10,Casa,11,Eficiente
218.55,True,9,Casa,6,Eficiente
791.1,True,22,Local,11,Moderado
543.69,True,10,Casa,9,Ineficiente
151.54,False,2,Departamento,9,Moderado
362.11,True,9,Casa,7,Moderado
693.03,True,10,Local,5,Ineficiente
667.02,True,21,Local,5,Moderado
275.21,False,7,Casa,11,Eficiente
233.19,False,4,Departamento,11,Moderado
275.43,False,9,Casa,4,Eficiente
852.72,False,5,Departamento,6,Ineficiente
255.42,False,7,Departamento,2,Eficiente
141.28,False,6,Departamento,6,Eficiente
272.11,True,11,Casa,11,Eficiente
264.92,False,6,Casa,9,Eficiente
92.16,False,7,Departamento,6,Eficiente
263.12,True,4,Departamento,10,Ineficiente
334.65,True,4,Departamento,7,Ineficiente
196.02,False,8,Casa,6,Eficiente
169.95,False,12,Casa,1,Eficiente
609.94,True,13,Local,4,Moderado
326.6,False,13,Casa,7,Eficiente
278.85,False,5,Casa,2,Eficiente
939.77,True,7,Local,10,Ineficiente
482.86,True,11,Casa,4,Moderado
192.38,True,5,Departamento,9,Moderado
385.17,False,5,Casa,9,Moderado
507.07,True,18,Local,12,Moderado
128.43,False,3,Departamento,8,Eficiente
648.06,True,13,Local,12,Moderado
381.84,True,13,Casa,8,Moderado
185.61,False,10,Departamento,8,Eficiente
251.53,False,7,Departamento,1,Eficiente
260.83,False,10,Casa,2,Eficiente
335.48,True,10,Casa,8,Moderado
393.32,True,9,Casa,4,Moderado
258.35,False,19,Local,7,Eficiente
201.35,False,9,Departamento,12,Eficiente
332.58,False,7,Departamento,10,Ineficiente
294.0,True,8,Departamento,8,Moderado
234.75,False,4,Departamento,9,Moderado
63.65,False,4,Departamento,12,Eficiente
435.94,True,7,Casa,3,Moderado
164.62,False,4,Departamento,7,Eficiente
338.73,True,8,Casa,9,Moderado
313.86,False,15,Local,8,Eficiente
176.16,True,6,Departamento,7,Eficiente
479.49,False,7,Casa,6,Ineficiente
160.27,False,6,Departamento,7,Eficiente
350.96,True,13,Casa,9,Moderado
963.03,True,14,Local,5,Ineficiente
723.36,True,16,Local,11,Moderado
557.46,True,14,Local,10,Moderado
445.14,False,10,Casa,8,Moderado
291.22,False,9,Casa,3,Eficiente
132.49,True,6,Casa,7,Eficiente
382.2,False,4,Casa,3,Moderado
437.04,True,15,Casa,2,Moderado
419.04,False,7,Casa,3,Moderado
615.66,True,14,Local,5,Moderado
400.66,False,9,Casa,10,Moderado
308.17,True,8,Casa,7,Moderado
235.27,False,8,Departamento,9,Moderado
236.92,True,5,Departamento,12,Moderado
86.07,False,3,Departamento,4,Eficiente
997.52,False,7,Departamento,3,Ineficiente
328.38,True,17,Local,11,Eficiente
221.29,True,5,Departamento,6,Moderado
248.61,False,4,Departamento,1,Moderado
279.59,True,7,Departamento,12,Ineficiente
253.19,True,9,Casa,12,Eficiente
416.21,True,12,Casa,6,Moderado
158.64,False,3,Departamento,7,Eficiente
401.17,True,6,Casa,5,Moderado
320.71,False,4,Departamento,9,Ineficiente
282.69,True,10,Casa,9,Eficiente
483.13,False,3,Casa,9,Ineficiente
244.06,False,12,Casa,7,Eficiente
208.66,True,4,Departamento,11,Moderado
279.98,False,9,Casa,2,Eficiente
341.0,False,7,Departamento,5,Moderado
514.38,False,10,Local,1,Eficiente
546.37,True,7,Casa,12,Ineficiente
148.49,False,9,Departamento,1,Eficiente
454.23,True,6,Casa,6,Ineficiente
1027.89,False,12,Casa,3,Ineficiente
335.06,False,7,Departamento,9,Ineficiente
308.37,False,13,Local,5,Eficiente
1462.77,False,5,Casa,7,Ineficiente
147.68,False,3,Departamento,12,Eficiente
368.58,False,9,Casa,12,Moderado
423.9,True,7,Departamento,6,Ineficiente
143.85,True,7,Departamento,12,Eficiente
304.53,True,6,Departamento,6,Ineficiente
191.01,False,6,Departamento,9,Eficiente
487.69,False,7,Casa,12,Ineficiente
277.2,False,10,Departamento,8,Moderado
216.76,False,5,Departamento,7,Moderado
132.7,False,5,Departamento,12,Eficiente
241.22,True,7,Casa,4,Eficiente
343.9,True,8,Casa,8,Moderado
307.21,True,6,Casa,7,Moderado
379.65,True,12,Casa,8,Moderado
485.54,True,12,Casa,11,Ineficiente
311.42,True,11,Casa,11,Moderado
147.59,False,7,Departamento,9,Eficiente
223.08,True,7,Casa,12,Eficiente
420.61,True,5,Departamento,11,Ineficiente
225.84,False,4,Departamento,10,Moderado
188.33,True,5,Departamento,7,Moderado
244.21,True,10,Departamento,8,Moderado
275.17,False,4,Departamento,7,Moderado
162.79,False,6,Departamento,6,Eficiente
540.94,True,12,Local,9,Moderado
163.33,False,8,Departamento,9,Eficiente
218.41,False,4,Departamento,10,Moderado
316.21,False,5,Departamento,7,Ineficiente
228.0,False,7,Departamento,8,Eficiente
388.98,False,8,Casa,4,Moderado
337.06,False,6,Departamento,6,Ineficiente
310.5,False,4,Departamento,10,Ineficiente
1911.88,True,16,Local,10,Ineficiente
201.7,False,10,Departamento,7,Eficiente
94.36,False,3,Departamento,7,Eficiente
690.66,True,10,Local,10,Ineficiente
201.87,False,7,Departamento,5,Eficiente
310.81,True,7,Casa,8,Moderado
331.27,False,8,Casa,2,Eficiente
314.99,True,13,Casa,5,Eficiente
619.02,True,4,Casa,8,Ineficiente
81.12,False,11,Casa,9,Eficiente
262.12,True,4,Departamento,12,Ineficiente
224.79,True,6,Departamento,6,Moderado
303.4,False,13,Casa,2,Eficiente
270.75,False,1,Departamento,8,Ineficiente
349.56,True,5,Casa,9,Moderado
917.82,True,20,Local,12,Ineficiente
256.26,True,7,Casa,8,Eficiente
289.07,True,4,Departamento,9,Ineficiente
1344.05,False,8,Casa,1,Ineficiente
262.47,True,5,Departamento,12,Ineficiente
447.59,True,7,Casa,7,Ineficiente
197.97,True,9,Departamento,9,Eficiente
344.27,False,6,Casa,8,Moderado
658.95,True,18,Local,8,Moderado
261.59,False,6,Departamento,5,Moderado
398.84,False,7,Departamento,8,Ineficiente
100.81,False,8,Departamento,3,Eficiente
104.3,True,15,Local,9,Eficiente
317.52,True,4,Casa,12,Ineficiente
336.57,False,14,Casa,3,Eficiente
337.43,True,4,Casa,8,Ineficiente
340.6,True,8,Casa,10,Moderado
258.98,False,6,Departamento,7,Moderado
990.13,True,12,Local,5,Ineficiente
431.86,False,19,Local,8,Eficiente
366.56,False,11,Departamento,10,Ineficiente
126.03,False,5,Departamento,12,Eficiente
632.42,True,12,Local,9,Moderado
620.37,True,9,Local,9,Ineficiente
327.44,False,10,Casa,9,Eficiente
300.09,True,6,Departamento,3,Moderado
310.78,False,6,Departamento,8,Moderado
380.29,True,6,Casa,10,Ineficiente
440.39,True,10,Casa,5,Moderado
648.18,True,16,Local,3,Moderado
609.61,True,12,Local,8,Moderado
613.14,True,13,Local,11,Moderado
101.85,False,6,Departamento,6,Eficiente
202.37,False,8,Casa,4,Eficiente
223.92,False,7,Casa,5,Eficiente
276.99,False,9,Departamento,2,Eficiente
198.29,False,3,Departamento,2,Moderado
215.16,False,5,Departamento,9,Moderado
194.0,False,4,Departamento,10,Moderado
140.18,True,9,Casa,11,Eficiente
325.02,True,5,Departamento,12,Ineficiente
453.97,False,15,Casa,9,Moderado
380.04,True,6,Casa,3,Moderado
410.63,False,8,Casa,9,Moderado
178.46,True,10,Casa,7,Eficiente
335.67,False,9,Local,10,Eficiente
564.19,True,6,Casa,8,Ineficiente
276.94,False,7,Casa,11,Eficiente
211.03,False,3,Departamento,12,Moderado
182.93,False,5,Departamento,9,Eficiente
370.18,True,10,Casa,12,Moderado
452.53,True,8,Casa,7,Ineficiente
231.56,False,11,Casa,12,Eficiente
184.29,True,6,Departamento,7,Eficiente
284.44,False,7,Casa,6,Eficiente
371.5,True,9,Casa,10,Moderado
692.9,True,9,Casa,12,Ineficiente
192.72,False,8,Departamento,11,Eficiente
386.13,True,8,Casa,6,Moderado
133.64,False,7,Departamento,8,Eficiente
542.76,False,10,Casa,2,Moderado
182.23,True,4,Departamento,8,Moderado
494.68,True,8,Casa,9,Ineficiente
394.16,True,9,Casa,4,Moderado
660.79,False,10,Casa,7,Ineficiente
229.41,False,5,Departamento,3,Eficiente
1117.4,True,11,Local,10,Ineficiente
477.17,True,15,Casa,3,Moderado
170.23,True,9,Casa,9,Eficiente
730.29,True,10,Local,9,Ineficiente
252.35,True,5,Departamento,10,Moderado
542.11,True,8,Casa,10,Ineficiente
374.0,False,6,Casa,5,Moderado
316.32,True,5,Departamento,7,Ineficiente
239.28,False,8,Departamento,4,Eficiente
182.04,False,5,Departamento,9,Eficiente
610.38,False,20,Local,10,Eficiente
139.12,False,5,Departamento,10,Eficiente
31.97,False,9,Casa,6,Eficiente
243.56,False,6,Departamento,8,Moderado
309.14,True,12,Casa,10,Moderado
428.47,True,6,Casa,3,Ineficiente
321.56,True,7,Casa,6,Moderado
435.8,True,9,Casa,3,Moderado
210.61,False,6,Departamento,10,Eficiente
248.0,False,9,Casa,4,Eficiente
193.28,False,15,Casa,12,Eficiente
213.25,True,5,Departamento,11,Moderado
241.0,False,7,Departamento,10,Moderado
261.55,True,9,Departamento,10,Moderado
241.58,True,6,Departamento,9,Moderado
206.36,True,5,Departamento,7,Moderado
341.43,False,5,Casa,10,Moderado
155.89,False,8,Departamento,3,Eficiente
170.98,False,8,Departamento,3,Eficiente
353.79,True,6,Casa,11,Moderado
308.19,False,5,Casa,7,Moderado
497.27,False,6,Casa,7,Ineficiente
846.7,False,10,Departamento,8,Ineficiente
247.98,True,6,Casa,5,Eficiente
387.58,True,9,Casa,12,Moderado
186.11,True,3,Departamento,7,Moderado
968.37,True,16,Local,11,Ineficiente
358.16,True,8,Casa,6,Moderado
385.62,False,17,Local,12,Eficiente
163.19,False,11,Casa,6,Eficiente
773.68,False,20,Local,9,Moderado
488.97,False,11,Local,1,Eficiente
529.14,False,16,Casa,1,Moderado
112.32,False,6,Departamento,3,Eficiente
680.47,True,9,Local,7,Ineficiente
684.89,True,16,Local,9,Moderado
132.7,False,8,Local,1,Eficiente
312.77,False,6,Departamento,12,Ineficiente
351.43,True,10,Casa,8,Moderado
144.61,False,5,Departamento,5,Eficiente
222.82,False,6,Departamento,6,Eficiente
259.29,True,6,Departamento,7,Moderado
587.74,False,10,Casa,10,Ineficiente
220.26,False,8,Departamento,2,Eficiente
419.51,True,12,Casa,7,Moderado
151.13,False,2,Departamento,7,Moderado
142.92,True,8,Casa,10,Eficiente
251.24,False,6,Departamento,5,Moderado
326.12,False,7,Departamento,5,Moderado
282.92,True,1,Departamento,11,Ineficiente
50.08,False,4,Departamento,11,Eficiente
189.75,False,8,Casa,10,Eficiente
313.67,False,15,Local,11,Eficiente
390.18,True,10,Departamento,9,Ineficiente
437.97,True,9,Casa,8,Moderado
338.45,True,7,Casa,11,Moderado
486.95,True,14,Casa,4,Moderado
113.93,True,4,Departamento,9,Eficiente
917.29,True,6,Local,12,Ineficiente
133.73,False,7,Departamento,2,Eficiente
244.31,True,5,Casa,11,Moderado
549.57,True,14,Local,4,Eficiente
392.03,False,14,Casa,11,Moderado
1000.32,True,14,Local,7,Ineficiente
451.54,True,9,Casa,3,Moderado
282.55,True,5,Departamento,2,Moderado
862.03,True,20,Local,10,Ineficiente
296.3,True,11,Casa,10,Eficiente
256.23,True,5,Departamento,3,Moderado
555.95,True,15,Local,9,Moderado
298.87,True,11,Casa,7,Eficiente
353.03,True,12,Casa,5,Moderado
226.43,False,5,Departamento,9,Moderado
415.12,False,11,Casa,2,Eficiente
348.28,True,9,Casa,9,Moderado
174.45,False,6,Departamento,1,Eficiente
326.47,False,7,Departamento,3,Moderado
466.88,True,5,Casa,12,Ineficiente
294.57,False,13,Casa,7,Eficiente
216.85,True,5,Departamento,9,Moderado
94.73,False,8,Departamento,4,Eficiente
318.58,False,5,Departamento,1,Moderado
190.59,False,15,Casa,8,Eficiente
1611.01,False,15,Local,3,Ineficiente
237.54,True,3,Departamento,2,Moderado
587.24,False,6,Casa,6,Ineficiente
929.68,True,14,Local,9,Ineficiente
309.2,False,5,Departamento,2,Moderado
277.44,False,14,Casa,8,Eficiente
281.79,True,11,Casa,6,Eficiente
265.8,False,7,Departamento,12,Moderado
342.1,False,14,Casa,2,Eficiente
358.06,True,5,Casa,6,Moderado
303.6,False,8,Casa,10,Eficiente
347.91,False,15,Casa,6,Eficiente
345.23,False,11,Casa,3,Eficiente
411.33,True,3,Departamento,12,Ineficiente
370.98,False,14,Casa,4,Eficiente
67.1,True,12,Casa,12,Eficiente
195.2,False,3,Departamento,11,Moderado
575.71,True,8,Casa,9,Ineficiente
221.29,False,8,Departamento,10,Eficiente
933.31,False,13,Casa,7,Ineficiente
419.67,True,9,Casa,9,Moderado
184.63,False,5,Casa,4,Eficiente
277.59,False,8,Departamento,1,Eficiente
293.48,False,8,Casa,8,Eficiente
195.7,False,5,Departamento,10,Eficiente
269.32,False,11,Casa,11,Eficiente
284.21,True,7,Departamento,10,Moderado
337.36,True,5,Departamento,12,Ineficiente
526.37,True,10,Casa,11,Ineficiente
214.18,True,7,Departamento,3,Eficiente
279.7,False,7,Casa,3,Eficiente
440.97,True,17,Casa,4,Moderado
271.95,True,14,Casa,12,Eficiente
211.76,False,4,Departamento,11,Moderado
1020.6,True,14,Local,9,Ineficiente
295.69,False,15,Casa,11,Eficiente
208.86,True,8,Departamento,5,Eficiente
149.85,True,5,Departamento,9,Eficiente
320.53,True,11,Casa,3,Eficiente
292.49,False,4,Departamento,2,Moderado
558.52,False,5,Departamento,8,Ineficiente
542.68,True,16,Local,9,Moderado
907.63,True,17,Local,8,Ineficiente
504.06,True,11,Casa,9,Ineficiente
123.22,False,16,Casa,8,Eficiente
236.02,False,3,Departamento,5,Moderado
192.12,True,7,Casa,7,Eficiente
116.32,False,7,Casa,4,Eficiente
806.0,True,13,Local,9,Ineficiente
219.5,False,9,Casa,4,Eficiente
217.03,False,12,Departamento,2,Eficiente
260.03,True,6,Departamento,7,Moderado
252.61,True,10,Casa,11,Eficiente
334.48,False,5,Departamento,2,Ineficiente
840.51,True,16,Local,11,Ineficiente
235.61,False,5,Departamento,7,Moderado
156.26,False,5,Casa,2,Eficiente
261.9,True,5,Casa,8,Moderado
620.23,True,14,Local,5,Moderado
108.23,False,7,Casa,5,Eficiente
287.31,True,8,Departamento,12,Ineficiente
227.84,False,10,Casa,12,Eficiente
494.05,True,15,Casa,6,Moderado
465.52,True,14,Local,9,Eficiente
231.59,True,4,Departamento,9,Moderado
389.13,False,9,Local,1,Eficiente
398.43,False,8,Casa,5,Moderado
179.52,False,6,Departamento,9,Eficiente
339.15,True,8,Local,10,Eficiente
372.5,False,10,Casa,3,Eficiente
229.67,False,11,Casa,4,Eficiente
982.18,True,15,Local,9,Ineficiente
165.67,False,11,Casa,5,Eficiente
208.68,False,8,Departamento,4,Eficiente
602.19,True,14,Local,12,Moderado
213.3,False,9,Casa,12,Eficiente
344.81,False,4,Casa,5,Moderado
454.18,True,9,Casa,6,Moderado
458.28,True,7,Casa,5,Ineficiente
1310.54,True,9,Casa,11,Ineficiente
197.32,False,5,Departamento,11,Moderado
261.49,False,14,Casa,9,Eficiente
265.45,False,2,Departamento,9,Ineficiente
352.95,True,10,Casa,12,Moderado
311.44,True,6,Casa,6,Moderado
325.86,False,9,Casa,11,Moderado
228.53,True,9,Departamento,3,Eficiente
473.2,True,6,Departamento,8,Ineficiente
594.46,True,12,Casa,11,Ineficiente
929.98,False,13,Local,9,Ineficiente
202.24,False,3,Departamento,2,Moderado
138.56,False,2,Casa,10,Eficiente
800.49,True,14,Local,1,Moderado
321.84,False,12,Casa,4,Eficiente
495.41,True,8,Casa,12,Ineficiente
97.93,False,4,Departamento,1,Eficiente
174.09,False,8,Casa,3,Eficiente
272.75,False,12,Casa,11,Eficiente
205.23,True,9,Departamento,9,Eficiente
286.52,False,11,Casa,3,Eficiente
220.1,False,3,Departamento,5,Moderado
504.23,True,10,Local,12,Moderado
364.68,False,2,Departamento,8,Ineficiente
327.88,False,3,Departamento,4,Ineficiente
137.27,False,2,Departamento,2,Eficiente
469.8,True,9,Local,10,Moderado
323.21,False,8,Casa,4,Eficiente
158.49,False,7,Casa,6,Eficiente
236.14,False,5,Departamento,1,Eficiente
237.54,False,5,Departamento,6,Moderado
421.43,False,11,Casa,3,Moderado
201.57,False,4,Departamento,12,Moderado
429.95,False,14,Casa,4,Moderado
1013.6,True,16,Local,9,Ineficiente
411.01,True,14,Casa,4,Moderado
245.56,False,11,Casa,8,Eficiente
360.38,False,7,Casa,9,Moderado
242.07,False,12,Casa,4,Eficiente
310.09,False,4,Casa,9,Moderado
608.42,True,8,Casa,12,Ineficiente
361.48,False,13,Casa,3,Eficiente
207.5,False,6,Casa,4,Eficiente
371.64,False,11,Casa,9,Moderado
187.78,False,16,Casa,7,Eficiente
206.12,True,6,Casa,6,Eficiente
225.07,False,8,Casa,8,Eficiente
296.68,True,12,Casa,5,Eficiente
462.44,False,13,Casa,4,Moderado
419.41,True,10,Casa,10,Moderado
206.66,False,8,Departamento,12,Eficiente
333.86,True,8,Local,1,Eficiente
647.01,True,14,Local,8,Moderado
191.68,False,4,Departamento,11,Moderado
369.82,True,4,Departamento,10,Ineficiente
412.76,True,10,Casa,10,Moderado
186.71,False,8,Departamento,1,Eficiente
721.56,True,4,Departamento,7,Ineficiente
270.76,False,8,Departamento,9,Moderado
481.82,False,17,Local,4,Eficiente
218.13,False,6,Casa,4,Eficiente
285.89,True,8,Departamento,9,Moderado
314.74,False,4,Departamento,7,Ineficiente
285.04,False,8,Casa,4,Eficiente
449.9,True,14,Local,11,Eficiente
382.64,False,15,Casa,11,Moderado
307.23,True,14,Local,10,Eficiente
135.84,False,7,Departamento,12,Eficiente
274.6,True,10,Casa,6,Eficiente
712.67,False,3,Departamento,2,Ineficiente
316.6,True,5,Casa,9,Moderado
256.12,False,6,Departamento,7,Moderado
221.56,False,8,Departamento,5,Eficiente
257.31,True,9,Departamento,4,Moderado
611.92,True,13,Local,4,Moderado
402.96,False,8,Casa,3,Moderado
308.15,True,8,Casa,12,Moderado
377.13,False,10,Casa,3,Eficiente
541.13,True,16,Casa,12,Ineficiente
329.38,False,9,Casa,6,Eficiente
491.52,True,7,Casa,7,Ineficiente
417.12,False,9,Casa,8,Moderado
173.93,True,7,Casa,10,Eficiente
425.22,True,14,Local,3,Eficiente
217.74,True,15,Casa,11,Eficiente
718.28,True,16,Local,9,Moderado
249.97,False,7,Casa,8,Eficiente
247.42,False,5,Casa,2,Eficiente
197.02,False,8,Departamento,6,Eficiente
339.17,False,5,Casa,12,Moderado
423.76,True,10,Casa,8,Moderado
369.06,False,8,Departamento,12,Ineficiente
500.62,True,12,Casa,6,Ineficiente
386.98,False,5,Casa,8,Moderado
166.42,True,7,Departamento,8,Eficiente
296.52,False,5,Casa,1,Eficiente
435.33,True,5,Departamento,10,Ineficiente
100.13,False,11,Casa,6,Eficiente
590.6,True,16,Local,4,Moderado
319.35,True,11,Departamento,6,Moderado
537.47,True,16,Local,9,Moderado
286.57,False,2,Departamento,2,Ineficiente
358.47,True,7,Casa,8,Moderado
136.76,False,6,Departamento,2,Eficiente
353.09,False,3,Casa,3,Ineficiente
292.77,False,4,Departamento,7,Ineficiente
912.01,False,7,Departamento,9,Ineficiente
371.95,False,13,Casa,5,Eficiente
426.29,True,9,Local,8,Moderado
602.75,True,11,Casa,12,Ineficiente
50.43,False,7,Departamento,8,Eficiente
107.63,False,6,Departamento,10,Eficiente
498.87,True,7,Casa,6,Ineficiente
248.61,False,5,Departamento,4,Moderado
209.34,False,6,Departamento,5,Eficiente
444.21,True,9,Casa,10,Ineficiente
178.68,False,4,Departamento,7,Eficiente
234.55,False,7,Casa,2,Eficiente
306.32,False,9,Departamento,10,Moderado
288.44,False,10,Casa,2,Eficiente
886.14,True,16,Local,12,Ineficiente
747.14,True,14,Local,6,Moderado
338.62,True,9,Casa,9,Moderado
256.95,False,6,Casa,3,Eficiente
149.3,False,2,Departamento,3,Eficiente
183.58,False,5,Departamento,4,Eficiente
410.06,True,7,Casa,10,Ineficiente
392.83,True,11,Casa,6,Moderado
219.4,False,7,Casa,5,Eficiente
463.73,True,12,Local,3,Eficiente
168.24,False,10,Departamento,3,Eficiente
328.16,False,13,Local,11,Eficiente
260.81,True,7,Departamento,5,Moderado
222.4,False,9,Local,11,Eficiente
493.62,True,15,Casa,10,Ineficiente
362.28,False,12,Casa,12,Moderado
827.47,True,20,Local,8,Ineficiente
781.83,True,18,Local,9,Moderado
142.51,False,9,Casa,11,Eficiente
343.84,False,8,Casa,9,Moderado
82.44,False,8,Departamento,7,Eficiente
383.74,False,10,Casa,6,Moderado
466.74,True,14,Casa,11,Moderado
809.31,True,22,Local,10,Ineficiente
309.5,False,5,Casa,7,Moderado
180.19,False,9,Departamento,1,Eficiente
449.35,True,9,Casa,8,Ineficiente
372.46,True,17,Casa,12,Moderado
82.18,False,6,Departamento,1,Eficiente
192.19,False,7,Casa,4,Eficiente
194.97,True,3,Departamento,9,Moderado
180.18,False,10,Casa,10,Eficiente
575.94,True,11,Local,8,Moderado
277.84,False,9,Departamento,8,Moderado
761.2,True,15,Local,12,Ineficiente
484.71,True,10,Casa,3,Moderado
493.52,True,13,Casa,12,Ineficiente
388.75,False,11,Casa,1,Eficiente
279.27,False,6,Departamento,5,Moderado
529.48,True,8,Casa,9,Ineficiente
476.79,False,9,Casa,1,Moderado
432.04,True,9,Casa,9,Moderado
240.64,True,8,Casa,11,Eficiente
557.77,False,9,Casa,1,Ineficiente
414.36,False,8,Casa,7,Moderado
303.7,False,9,Casa,5,Eficiente
161.79,False,5,Departamento,12,Eficiente
269.81,False,9,Casa,6,Eficiente
380.81,True,7,Casa,10,Moderado
262.67,True,5,Departamento,11,Ineficiente
205.19,False,4,Departamento,9,Moderado
149.47,False,8,Casa,7,Eficiente
328.89,True,2,Departamento,8,Ineficiente
805.44,True,15,Local,5,Ineficiente
209.6,False,4,Departamento,9,Moderado
586.04,True,15,Local,4,Moderado
131.22,True,12,Departamento,6,Eficiente
433.96,True,10,Casa,10,Moderado
235.57,False,10,Casa,5,Eficiente
291.57,True,7,Departamento,12,Ineficiente
1663.59,True,13,Local,11,Ineficiente
183.27,False,5,Departamento,5,Eficiente
394.47,False,10,Casa,8,Moderado
198.06,True,7,Departamento,7,Eficiente
287.41,True,11,Casa,11,Eficiente
246.87,True,11,Departamento,4,Moderado
106.02,False,3,Departamento,7,Eficiente
225.97,False,6,Departamento,5,Eficiente
404.74,True,13,Local,12,Eficiente
262.76,False,5,Departamento,1,Moderado
249.13,False,4,Departamento,9,Moderado
172.09,True,8,Departamento,8,Eficiente
299.35,True,7,Departamento,4,Moderado
685.23,True,23,Local,9,Moderado
318.27,False,12,Casa,7,Eficiente
140.2,False,9,Departamento,1,Eficiente
259.17,False,6,Casa,8,Eficiente
711.84,True,20,Local,7,Moderado
169.96,False,5,Departamento,11,Eficiente
984.38,True,7,Casa,6,Ineficiente
576.73,True,4,Casa,10,Ineficiente
516.21,True,8,Casa,10,Ineficiente
209.12,True,8,Departamento,12,Moderado
994.16,False,11,Casa,1,Ineficiente
346.96,False,9,Casa,12,Moderado
518.69,True,16,Local,9,Moderado
243.64,False,5,Departamento,2,Moderado
451.3,True,6,Casa,2,Ineficiente
485.6,False,11,Casa,4,Moderado
542.25,False,17,Local,6,Eficiente
194.04,True,4,Departamento,2,Moderado
318.29,False,4,Departamento,5,Ineficiente
250.42,True,7,Casa,4,Eficiente
340.71,True,7,Casa,11,Moderado
131.37,False,6,Casa,5,Eficiente
243.62,False,3,Departamento,2,Moderado
484.77,True,6,Casa,3,Ineficiente
597.8,True,10,Casa,10,Ineficiente
226.05,True,3,Departamento,5,Moderado
556.54,True,15,Local,11,Moderado
240.81,True,4,Departamento,1,Moderado
278.63,True,5,Departamento,11,Ineficiente
239.26,False,7,Departamento,12,Moderado
359.61,False,7,Casa,12,Moderado
95.0,False,14,Casa,9,Eficiente
75.24,True,7,Departamento,3,Eficiente
423.07,True,7,Casa,9,Ineficiente
768.57,False,7,Departamento,10,Ineficiente
2079.71,True,20,Local,11,Ineficiente
325.13,False,12,Local,9,Eficiente
241.51,True,9,Casa,11,Eficiente
270.4,False,8,Casa,6,Eficiente
425.19,True,11,Casa,8,Moderado
380.55,True,9,Casa,11,Moderado
291.43,False,5,Casa,12,Moderado
272.05,True,6,Casa,12,Moderado
229.57,True,2,Departamento,11,Ineficiente
274.79,False,8,Departamento,12,Moderado
378.95,True,10,Local,6,Eficiente
1117.86,True,11,Casa,5,Ineficiente
300.86,True,13,Casa,11,Eficiente
216.89,True,10,Casa,12,Eficiente
310.09,False,8,Casa,3,Eficiente
390.75,False,9,Casa,4,Moderado
382.85,True,13,Local,5,Eficiente
328.63,False,6,Casa,2,Eficiente
180.38,False,6,Casa,11,Eficiente
187.52,False,4,Departamento,12,Moderado
73.86,False,10,Departamento,7,Eficiente
37.69,False,6,Departamento,9,Eficiente
468.69,False,10,Casa,6,Moderado
144.45,False,6,Departamento,12,Eficiente
91.09,False,11,Casa,12,Eficiente
296.44,True,8,Casa,12,Moderado
261.38,True,7,Departamento,11,Moderado
570.29,True,14,Local,8,Moderado
275.58,True,7,Casa,11,Moderado
323.83,False,8,Departamento,6,Moderado
1465.8,True,11,Casa,9,Ineficiente
417.4,False,8,Casa,12,Moderado
485.21,True,14,Casa,11,Ineficiente
244.16,True,12,Departamento,6,Moderado
264.51,True,10,Casa,8,Eficiente
135.82,False,8,Departamento,11,Eficiente
420.39,True,3,Casa,9,Ineficiente
663.06,True,23,Local,6,Moderado
157.27,True,5,Departamento,5,Eficiente
373.5,True,10,Casa,6,Moderado
144.62,False,7,Casa,7,Eficiente
578.06,True,4,Casa,11,Ineficiente
386.22,True,17,Local,6,Eficiente
177.35,False,5,Casa,3,Eficiente
328.86,True,8,Departamento,12,Ineficiente
400.34,True,7,Casa,11,Ineficiente
115.14,False,4,Departamento,7,Eficiente
388.14,False,8,Departamento,6,Ineficiente
370.08,True,8,Departamento,10,Ineficiente
781.8,True,8,Local,8,Ineficiente
396.8,True,8,Casa,6,Moderado
390.78,False,4,Departamento,7,Ineficiente
383.08,True,7,Casa,6,Moderado
250.46,False,8,Departamento,3,Eficiente
892.53,True,9,Local,11,Ineficiente
192.68,False,6,Departamento,8,Eficiente
248.51,False,9,Departamento,10,Moderado
290.65,False,8,Casa,8,Eficiente
449.27,False,12,Casa,8,Moderado
162.76,False,5,Casa,7,Eficiente
292.69,False,4,Departamento,2,Moderado
167.94,True,5,Departamento,8,Eficiente
342.1,False,11,Casa,6,Eficiente
282.34,False,15,Casa,7,Eficiente
268.72,False,8,Casa,4,Eficiente
401.45,True,8,Casa,12,Ineficiente
479.3,False,9,Casa,7,Moderado
682.76,True,17,Local,4,Moderado
469.7,False,9,Departamento,6,Ineficiente
308.81,False,8,Casa,9,Eficiente
197.29,False,5,Departamento,1,Eficiente
158.22,False,6,Departamento,5,Eficiente
443.68,False,7,Casa,3,Moderado
355.97,True,12,Casa,7,Moderado
242.87,False,15,Casa,8,Eficiente
319.05,False,9,Casa,3,Eficiente
319.27,True,7,Departamento,9,Ineficiente
824.56,True,16,Local,5,Ineficiente
314.06,False,10,Casa,1,Eficiente
170.69,False,6,Departamento,11,Eficiente
266.4,False,8,Casa,8,Eficiente
227.65,True,4,Departamento,11,Moderado
298.64,False,3,Departamento,7,Ineficiente
401.42,True,5,Casa,12,Ineficiente
378.16,False,5,Casa,2,Moderado
322.39,True,8,Departamento,11,Ineficiente
416.97,True,17,Local,2,Eficiente
159.12,False,7,Casa,11,Eficiente
151.82,True,7,Casa,5,Eficiente
400.96,False,11,Casa,4,Eficiente
236.68,True,8,Departamento,10,Moderado
250.74,False,5,Departamento,2,Moderado
138.64,False,10,Departamento,2,Eficiente
301.84,False,4,Departamento,6,Ineficiente
421.73,False,15,Local,12,Eficiente
321.08,False,9,Departamento,4,Moderado
252.17,False,10,Casa,7,Eficiente
70.37,False,8,Departamento,5,Eficiente
386.24,True,10,Casa,10,Moderado
443.71,False,12,Casa,11,Moderado
702.92,True,12,Local,12,Ineficiente
361.04,True,9,Departamento,4,Ineficiente
592.32,True,16,Local,6,Moderado
197.49,True,9,Casa,12,Eficiente
163.95,False,9,Departamento,7,Eficiente
917.71,False,9,Departamento,4,Ineficiente
180.62,True,8,Casa,10,Eficiente
550.93,True,15,Casa,11,Ineficiente
226.2,False,6,Departamento,2,Eficiente
392.19,True,8,Casa,10,Moderado
421.36,False,21,Local,10,Eficiente
299.69,False,11,Casa,8,Eficiente
237.93,False,9,Casa,1,Eficiente
215.17,True,5,Departamento,10,Moderado
288.75,True,8,Casa,11,Moderado
885.01,True,13,Local,10,Ineficiente
203.48,False,5,Departamento,10,Moderado
207.13,False,7,Casa,11,Eficiente
140.59,False,6,Departamento,8,Eficiente
261.91,False,3,Departamento,5,Ineficiente
197.12,False,4,Departamento,8,Moderado
115.25,False,6,Departamento,8,Eficiente
137.2,True,7,Departamento,11,Eficiente
116.6,False,6,Departamento,7,Eficiente
456.01,True,10,Casa,8,Moderado
178.03,False,9,Departamento,8,Eficiente
659.76,True,12,Local,9,Moderado
258.81,True,7,Departamento,12,Moderado
163.11,False,5,Departamento,3,Eficiente
256.79,False,5,Casa,11,Eficiente
298.04,False,14,Departamento,1,Eficiente
740.43,True,14,Local,9,Ineficiente
481.22,True,11,Casa,11,Ineficiente
301.92,True,4,Casa,8,Moderado
210.46,False,4,Departamento,4,Eficiente
196.85,False,5,Departamento,7,Eficiente
221.34,False,3,Departamento,3,Moderado
224.8,False,10,Casa,7,Eficiente
298.84,False,6,Casa,9,Moderado
331.61,False,2,Departamento,11,Ineficiente
110.29,True,3,Departamento,7,Eficiente
352.51,False,8,Departamento,8,Ineficiente
296.81,True,11,Departamento,12,Moderado
218.27,False,5,Departamento,1,Eficiente
314.64,False,6,Departamento,10,Ineficiente
194.2,False,6,Departamento,12,Eficiente
242.85,True,3,Departamento,10,Ineficiente
176.69,False,7,Departamento,12,Eficiente
35.1,False,11,Casa,11,Eficiente
335.51,False,9,Casa,8,Eficiente
297.32,False,9,Departamento,10,Moderado
465.15,True,13,Local,11,Moderado
163.42,False,6,Departamento,2,Eficiente
329.59,False,9,Casa,2,Eficiente
215.89,False,5,Departamento,3,Eficiente
448.97,True,7,Casa,9,Ineficiente
274.33,False,6,Departamento,5,Moderado
303.86,True,4,Departamento,10,Ineficiente
154.31,False,7,Departamento,4,Eficiente
280.25,False,9,Departamento,10,Moderado
123.64,True,7,Casa,11,Eficiente
489.42,True,9,Casa,9,Ineficiente
935.98,True,22,Local,7,Ineficiente
141.44,True,6,Departamento,9,Eficiente
47.97,False,8,Departamento,11,Eficiente
448.47,True,10,Casa,12,Ineficiente
500.25,True,4,Casa,5,Ineficiente
343.67,True,17,Casa,10,Moderado
471.67,True,8,Casa,11,Ineficiente
173.45,False,17,Casa,1,Eficiente
568.81,False,9,Local,1,Moderado
160.15,True,5,Departamento,12,Eficiente
435.57,True,9,Casa,12,Ineficiente
257.46,False,4,Casa,7,Moderado
151.83,False,6,Casa,11,Eficiente
286.77,True,7,Departamento,6,Moderado
215.1,False,9,Casa,6,Eficiente
219.02,False,7,Departamento,11,Moderado
177.2,False,4,Departamento,9,Eficiente
350.66,True,6,Casa,9,Moderado
224.44,True,7,Departamento,7,Moderado
803.81,True,8,Local,9,Ineficiente
251.08,False,10,Casa,10,Eficiente
395.13,True,11,Casa,11,Moderado
483.43,False,10,Local,8,Eficiente
633.73,True,18,Local,11,Moderado
221.79,True,7,Departamento,10,Moderado
269.75,False,7,Departamento,9,Moderado
133.01,False,9,Casa,7,Eficiente
91.06,False,3,Departamento,6,Eficiente
211.81,False,5,Departamento,8,Moderado
94.75,False,9,Casa,11,Eficiente
229.94,False,6,Departamento,7,Moderado
711.57,True,15,Local,9,Moderado
110.77,False,7,Departamento,7,Eficiente
514.69,True,10,Casa,9,Ineficiente
458.46,True,7,Casa,9,Ineficiente
999.08,True,17,Local,8,Ineficiente
512.05,True,18,Local,7,Eficiente
109.67,True,11,Departamento,10,Eficiente
190.82,False,3,Departamento,10,Moderado
220.68,False,5,Departamento,11,Moderado
746.58,False,11,Casa,5,Ineficiente
349.64,True,5,Casa,9,Moderado
472.34,True,8,Casa,8,Ineficiente
1330.53,True,11,Casa,7,Ineficiente
220.96,False,10,Departamento,8,Eficiente
367.79,True,7,Casa,8,Moderado
481.42,True,10,Casa,11,Ineficiente
175.49,True,8,Departamento,4,Eficiente
262.31,False,8,Casa,9,Eficiente
353.74,False,4,Casa,4,Moderado
172.21,False,3,Departamento,12,Moderado
347.86,True,15,Casa,10,Moderado
691.03,False,4,Departamento,6,Ineficiente
640.51,True,18,Local,12,Moderado
317.27,True,9,Casa,12,Moderado
718.37,True,13,Local,12,Ineficiente
317.03,False,16,Local,7,Eficiente
243.88,False,6,Departamento,8,Moderado
319.57,True,5,Departamento,7,Ineficiente
42.37,False,7,Departamento,12,Eficiente
269.84,True,2,Departamento,12,Ineficiente
683.55,False,8,Departamento,10,Ineficiente
303.22,True,7,Casa,4,Eficiente
165.13,False,18,Local,11,Eficiente
262.06,False,2,Departamento,12,Ineficiente
314.84,True,6,Departamento,12,Ineficiente
358.74,False,8,Casa,6,Moderado
354.13,False,5,Casa,12,Moderado
159.59,False,3,Departamento,1,Eficiente
295.54,False,2,Departamento,3,Ineficiente
224.19,False,10,Casa,8,Eficiente
446.22,True,9,Casa,10,Ineficiente
232.83,True,12,Casa,3,Eficiente
119.68,False,6,Departamento,4,Eficiente
323.81,True,8,Casa,8,Moderado
400.83,True,12,Local,10,Eficiente
314.57,False,12,Casa,1,Eficiente
392.97,False,14,Casa,12,Moderado
95.71,False,7,Casa,11,Eficiente
230.21,False,5,Departamento,8,Moderado
200.6,True,7,Departamento,8,Moderado
223.7,False,5,Departamento,9,Moderado
793.44,True,10,Local,7,Ineficiente
456.91,True,10,Casa,10,Ineficiente
140.88,False,4,Departamento,6,Eficiente
268.76,True,6,Casa,6,Eficiente
496.4,True,8,Casa,11,Ineficiente
254.95,True,6,Departamento,11,Moderado
292.62,True,11,Casa,11,Moderado
346.9,False,8,Departamento,8,Ineficiente
142.25,True,8,Departamento,12,Eficiente
235.17,True,4,Departamento,12,Ineficiente
288.47,False,8,Departamento,5,Moderado
196.26,False,4,Departamento,4,Eficiente
344.14,True,6,Casa,6,Moderado
579.65,True,9,Casa,5,Ineficiente
316.72,False,8,Casa,10,Eficiente
328.83,False,6,Departamento,4,Moderado
943.28,True,18,Local,12,Ineficiente
498.66,True,11,Casa,10,Ineficiente
185.62,False,10,Departamento,2,Eficiente
210.7,False,3,Departamento,9,Moderado
383.07,False,6,Departamento,12,Ineficiente
230.13,False,4,Departamento,2,Moderado
220.24,False,9,Departamento,1,Eficiente
270.87,True,8,Departamento,11,Moderado
415.4,True,16,Local,5,Eficiente
354.69,False,12,Casa,2,Eficiente
356.66,True,16,Local,9,Eficiente
399.85,True,15,Casa,10,Moderado
169.1,True,2,Departamento,5,Moderado
358.4,True,4,Casa,5,Ineficiente
451.74,False,12,Casa,12,Moderado
267.74,True,7,Casa,6,Eficiente
231.91,False,11,Casa,2,Eficiente
273.37,True,7,Casa,10,Moderado
361.97,False,13,Casa,6,Eficiente
165.44,False,5,Departamento,5,Eficiente
323.5,True,12,Casa,6,Eficiente
257.0,False,2,Departamento,10,Ineficiente
906.95,True,17,Local,6,Ineficiente
331.78,True,4,Departamento,9,Ineficiente
435.23,True,10,Casa,12,Ineficiente
506.57,False,8,Casa,5,Ineficiente
486.91,True,10,Local,8,Moderado
232.9,False,8,Casa,3,Eficiente
261.93,False,9,Casa,7,Eficiente
525.64,True,13,Local,9,Moderado
891.83,True,16,Local,7,Ineficiente
177.65,False,3,Casa,5,Eficiente
270.32,False,5,Departamento,2,Moderado
367.79,False,5,Departamento,12,Ineficiente
264.42,False,6,Departamento,5,Moderado
593.64,True,10,Casa,9,Ineficiente
386.56,False,11,Casa,11,Moderado
261.54,False,6,Departamento,6,Moderado
407.58,False,9,Casa,10,Moderado
274.34,True,10,Departamento,7,Moderado
189.17,False,10,Casa,1,Eficiente
858.94,False,15,Local,11,Ineficiente
339.05,True,7,Departamento,11,Ineficiente
319.01,False,3,Departamento,7,Ineficiente
133.21,False,12,Departamento,10,Eficiente
349.86,False,8,Casa,9,Moderado
284.05,True,7,Departamento,10,Moderado
411.11,False,5,Casa,1,Moderado
786.81,True,12,Local,10,Ineficiente
241.23,True,12,Departamento,7,Moderado
257.71,True,19,Local,12,Eficiente
348.31,True,10,Local,12,Eficiente
824.1,True,16,Local,3,Moderado
319.67,True,11,Casa,8,Moderado
663.58,True,19,Local,5,Moderado
204.48,False,3,Departamento,4,Moderado
479.08,True,9,Casa,12,Ineficiente
78.17,False,5,Departamento,5,Eficiente
627.42,True,6,Casa,7,Ineficiente
236.35,False,13,Casa,4,Eficiente
227.35,False,6,Casa,9,Eficiente
244.67,True,3,Casa,4,Moderado
96.79,False,5,Departamento,5,Eficiente
444.45,True,16,Local,9,Eficiente
190.84,False,4,Departamento,3,Eficiente
102.83,False,4,Departamento,10,Eficiente
542.74,True,4,Casa,12,Ineficiente
192.5,False,8,Departamento,9,Eficiente
475.08,True,11,Casa,5,Moderado
277.15,False,6,Departamento,3,Moderado
333.74,True,12,Casa,7,Moderado
173.52,False,3,Departamento,6,Eficiente
645.98,True,9,Departamento,7,Ineficiente
134.4,False,7,Departamento,5,Eficiente
531.09,True,8,Local,12,Moderado
354.39,False,8,Casa,3,Eficiente
822.2,True,18,Local,4,Moderado
243.9,False,8,Departamento,5,Eficiente
260.65,False,6,Departamento,11,Moderado
106.17,False,9,Departamento,5,Eficiente
159.85,False,6,Departamento,4,Eficiente
905.52,True,14,Local,4,Ineficiente
252.01,True,14,Casa,12,Eficiente
118.63,False,8,Departamento,5,Eficiente
260.74,True,2,Departamento,7,Ineficiente
233.12,False,7,Departamento,5,Eficiente
598.81,True,18,Local,11,Moderado
456.8,False,11,Casa,9,Moderado
216.02,True,5,Departamento,8,Moderado
304.41,False,10,Casa,3,Eficiente
318.79,False,6,Casa,2,Eficiente
209.74,True,9,Departamento,2,Eficiente
423.05,True,9,Casa,4,Moderado
327.44,False,8,Casa,10,Moderado
321.8,False,11,Casa,10,Eficiente
979.54,False,7,Departamento,10,Ineficiente
247.43,False,7,Departamento,9,Moderado
462.62,True,12,Local,7,Eficiente
351.27,False,14,Casa,5,Eficiente
180.35,True,6,Departamento,9,Eficiente
169.15,False,2,Departamento,3,Moderado
215.28,False,4,Departamento,1,Eficiente
445.44,False,10,Casa,10,Moderado
2024.13,True,10,Casa,6,Ineficiente
204.82,True,7,Departamento,8,Moderado
384.85,True,8,Departamento,12,Ineficiente
189.29,False,4,Departamento,9,Moderado
243.17,True,6,Departamento,11,Moderado
257.27,True,8,Departamento,12,Moderado
332.04,False,3,Departamento,4,Ineficiente
420.26,True,11,Casa,5,Moderado
155.11,False,6,Departamento,11,Eficiente
544.9,True,15,Local,5,Eficiente
446.4,True,4,Casa,12,Ineficiente
327.17,True,12,Departamento,7,Moderado
326.02,True,7,Casa,9,Moderado
208.21,False,7,Departamento,12,Eficiente
265.06,False,12,Casa,7,Eficiente
420.11,True,7,Departamento,5,Ineficiente
428.48,False,11,Casa,3,Moderado
249.01,False,4,Departamento,6,Moderado
868.61,True,11,Local,12,Ineficiente
370.55,True,11,Casa,7,Moderado
864.71,True,13,Local,6,Ineficiente
638.85,True,11,Local,10,Moderado
494.1,False,15,Local,11,Eficiente
179.28,False,8,Casa,9,Eficiente
353.99,True,10,Departamento,10,Ineficiente
310.63,True,13,Casa,9,Eficiente
340.05,True,7,Casa,9,Moderado
816.55,True,16,Local,10,Ineficiente
555.1,False,7,Departamento,8,Ineficiente
326.9,True,11,Departamento,1,Moderado
288.75,True,10,Casa,8,Eficiente
226.52,False,5,Departamento,11,Moderado
215.23,True,3,Departamento,12,Ineficiente
277.52,False,6,Departamento,12,Moderado
924.59,True,12,Local,10,Ineficiente
527.81,True,9,Casa,12,Ineficiente
407.58,False,7,Casa,10,Moderado
192.4,False,3,Departamento,2,Eficiente
309.3,False,21,Local,3,Eficiente
514.78,True,7,Casa,10,Ineficiente
381.61,False,8,Casa,5,Moderado
359.77,True,8,Casa,12,Moderado
553.51,True,13,Local,11,Moderado
237.61,False,11,Casa,10,Eficiente
203.14,False,6,Departamento,12,Moderado
831.19,True,11,Local,6,Ineficiente
351.43,False,6,Casa,9,Moderado
144.43,False,5,Departamento,11,Eficiente
358.31,True,6,Departamento,12,Ineficiente
122.19,False,5,Departamento,11,Eficiente
351.57,False,10,Casa,10,Moderado
185.95,False,11,Casa,10,Eficiente
285.26,False,16,Casa,2,Eficiente
233.56,True,7,Departamento,6,Moderado
258.39,False,7,Departamento,11,Moderado
311.21,False,11,Casa,8,Eficiente
399.62,False,7,Casa,4,Moderado
614.73,True,14,Local,9,Moderado
405.36,True,9,Casa,4,Moderado
280.24,False,8,Casa,5,Eficiente
218.91,True,8,Departamento,12,Moderado
406.26,True,8,Casa,10,Moderado
328.15,False,9,Casa,7,Eficiente
119.69,False,8,Departamento,4,Eficiente
353.88,False,8,Casa,6,Moderado
140.1,False,4,Departamento,3,Eficiente
261.8,True,7,Departamento,12,Moderado
157.61,False,7,Departamento,11,Eficiente
291.84,False,7,Casa,9,Eficiente
54.24,False,4,Departamento,5,Eficiente
479.48,True,6,Casa,10,Ineficiente
250.96,True,5,Departamento,11,Moderado
148.18,True,9,Casa,5,Eficiente
150.2,False,10,Departamento,10,Eficiente
363.52,False,6,Casa,5,Moderado
540.23,True,7,Casa,10,Ineficiente
270.5,True,6,Departamento,6,Moderado
258.73,False,11,Casa,10,Eficiente
350.26,False,7,Casa,1,Eficiente
203.87,False,4,Departamento,5,Eficiente
200.02,True,6,Departamento,8,Moderado
193.52,False,5,Casa,8,Eficiente
502.28,False,20,Local,3,Eficiente
224.18,False,9,Departamento,1,Eficiente
637.04,True,13,Local,10,Moderado
128.92,False,9,Departamento,1,Eficiente
153.96,False,8,Departamento,5,Eficiente
199.21,True,10,Departamento,4,Eficiente
128.45,False,9,Departamento,12,Eficiente
674.14,True,15,Local,7,Moderado
545.27,True,9,Casa,6,Ineficiente
340.0,True,11,Casa,10,Moderado
355.6,False,14,Casa,2,Eficiente
374.63,True,12,Local,5,Eficiente
512.52,True,10,Casa,3,Ineficiente
277.11,True,4,Departamento,11,Ineficiente
195.41,True,11,Departamento,9,Eficiente
618.16,True,16,Local,12,Moderado
429.38,True,12,Casa,10,Moderado
104.05,False,5,Departamento,2,Eficiente
673.47,True,18,Local,2,Moderado
244.92,True,9,Casa,10,Eficiente
175.28,False,6,Departamento,7,Eficiente
272.33,True,5,Casa,11,Moderado
228.1,True,6,Departamento,9,Moderado
184.31,False,6,Departamento,7,Eficiente
409.39,False,9,Casa,11,Moderado
275.11,False,13,Casa,6,Eficiente
95.93,False,8,Casa,9,Eficiente
343.61,True,9,Casa,9,Moderado
251.99,False,3,Departamento,12,Ineficiente
172.37,False,7,Casa,3,Eficiente
543.95,True,9,Casa,11,Ineficiente
265.92,False,6,Departamento,8,Moderado
1240.42,True,6,Departamento,10,Ineficiente
312.05,False,6,Departamento,4,Moderado
501.83,True,19,Local,12,Moderado
371.21,True,9,Casa,3,Moderado
89.09,True,5,Departamento,5,Eficiente
241.38,False,12,Casa,7,Eficiente
191.18,False,6,Departamento,4,Eficiente
444.1,True,13,Local,10,Eficiente
198.67,False,9,Departamento,10,Eficiente
266.01,True,3,Departamento,9,Ineficiente
145.31,False,6,Departamento,8,Eficiente
266.16,False,11,Casa,8,Eficiente
177.5,False,10,Departamento,11,Eficiente
120.45,True,5,Departamento,12,Eficiente
492.42,False,19,Local,12,Eficiente
171.82,False,7,Departamento,11,Eficiente
123.27,False,9,Casa,5,Eficiente
174.8,False,3,Departamento,5,Eficiente
218.06,True,7,Casa,9,Eficiente
471.96,False,11,Casa,9,Moderado
617.81,True,9,Casa,4,Ineficiente
194.96,False,4,Departamento,4,Eficiente
1421.05,False,7,Casa,9,Ineficiente
338.95,False,6,Casa,3,Moderado
298.16,True,4,Casa,11,Moderado
405.82,False,9,Local,11,Eficiente
125.08,False,7,Departamento,1,Eficiente
235.22,True,10,Casa,12,Eficiente
597.17,True,6,Casa,9,Ineficiente
298.56,False,6,Departamento,5,Moderado
327.35,False,13,Casa,7,Eficiente
257.78,True,7,Departamento,12,Moderado
603.88,True,9,Casa,10,Ineficiente
3014.5,True,9,Local,9,Ineficiente
517.22,True,8,Casa,11,Ineficiente
104.09,False,7,Departamento,3,Eficiente
141.1,False,8,Casa,7,Eficiente
1247.0,False,18,Local,11,Ineficiente
637.81,True,21,Local,3,Moderado
222.08,True,4,Departamento,8,Moderado
94.78,True,7,Departamento,10,Eficiente
270.09,False,7,Casa,2,Eficiente
327.38,True,4,Departamento,12,Ineficiente
349.13,True,6,Departamento,7,Ineficiente
269.71,True,5,Casa,9,Moderado
215.54,False,7,Departamento,4,Eficiente
151.79,False,5,Departamento,12,Eficiente
166.86,True,5,Departamento,11,Moderado
183.7,False,3,Departamento,10,Moderado
211.45,False,4,Departamento,8,Moderado
329.64,False,7,Departamento,3,Moderado
340.42,False,12,Casa,2,Eficiente
342.76,True,6,Casa,4,Moderado
709.55,True,17,Casa,2,Ineficiente
296.45,True,3,Departamento,11,Ineficiente
220.73,False,9,Casa,4,Eficiente
377.48,False,6,Casa,6,Moderado
423.98,True,13,Casa,11,Moderado
349.81,True,6,Casa,9,Moderado
297.68,False,5,Departamento,8,Ineficiente
363.22,True,9,Casa,10,Moderado
224.62,False,7,Casa,2,Eficiente
233.65,False,3,Departamento,4,Moderado
362.78,True,7,Casa,10,Moderado
411.37,True,10,Casa,9,Moderado
389.31,True,9,Casa,8,Moderado
127.71,False,6,Departamento,12,Eficiente
418.42,False,9,Casa,12,Moderado
158.4,False,5,Departamento,2,Eficiente
525.16,False,16,Local,7,Eficiente
668.85,True,5,Departamento,11,Ineficiente
519.51,True,12,Casa,5,Ineficiente
123.91,True,7,Departamento,2,Eficiente
244.32,True,7,Departamento,9,Moderado
462.44,False,6,Casa,9,Ineficiente
284.41,True,9,Departamento,12,Moderado
358.56,False,11,Casa,9,Eficiente
209.39,False,9,Casa,1,Eficiente
278.0,True,9,Casa,5,Eficiente
323.64,False,7,Casa,5,Eficiente
380.28,False,11,Casa,11,Moderado
263.63,False,11,Departamento,7,Moderado
458.76,True,13,Local,10,Moderado
292.6,True,11,Casa,7,Eficiente
260.42,False,11,Departamento,9,Moderado
70.7,False,4,Departamento,7,Eficiente
237.71,True,7,Casa,9,Eficiente
207.42,False,6,Casa,9,Eficiente
151.86,False,10,Casa,4,Eficiente
321.81,False,9,Casa,2,Eficiente
173.64,True,10,Casa,11,Eficiente
229.94,False,9,Casa,9,Eficiente
326.67,True,9,Departamento,9,Ineficiente
302.73,False,7,Casa,11,Moderado
189.69,False,7,Casa,9,Eficiente
395.57,True,10,Casa,3,Moderado
94.61,True,6,Departamento,11,Eficiente
438.83,False,16,Casa,1,Eficiente
207.78,False,3,Departamento,9,Moderado
284.07,False,11,Casa,12,Eficiente
297.56,True,7,Casa,5,Moderado
874.27,True,17,Local,9,Ineficiente
414.49,True,7,Casa,12,Ineficiente
264.32,False,8,Casa,6,Eficiente
256.07,True,13,Casa,12,Eficiente
573.84,True,12,Local,4,Moderado
269.48,False,8,Departamento,3,Moderado
248.69,False,6,Departamento,7,Moderado
466.12,True,15,Local,9,Eficiente
493.58,False,8,Casa,9,Ineficiente
446.98,True,10,Local,5,Eficiente
456.1,True,12,Casa,10,Moderado
117.77,False,6,Departamento,5,Eficiente
422.19,False,9,Casa,5,Moderado
461.08,True,10,Casa,9,Ineficiente
667.81,True,14,Local,4,Moderado
112.73,False,10,Casa,4,Eficiente
765.32,True,9,Local,7,Ineficiente
512.46,True,10,Casa,12,Ineficiente
132.13,True,6,Departamento,5,Eficiente
854.15,True,17,Local,7,Ineficiente
397.05,True,12,Casa,9,Moderado
566.47,False,18,Local,5,Eficiente
242.97,False,7,Departamento,8,Moderado
260.87,True,5,Departamento,11,Ineficiente
471.29,False,8,Casa,11,Ineficiente
131.42,False,7,Departamento,12,Eficiente
251.41,False,2,Departamento,1,Ineficiente
98.78,False,6,Departamento,2,Eficiente
396.46,False,10,Casa,2,Eficiente
355.87,False,8,Casa,3,Eficiente
554.45,True,15,Local,10,Moderado
316.96,True,9,Casa,11,Moderado
269.95,False,6,Departamento,8,Moderado
626.19,True,13,Local,9,Moderado
394.06,False,5,Casa,1,Moderado
312.59,False,11,Casa,2,Eficiente
149.29,False,4,Departamento,12,Eficiente
454.15,True,13,Casa,7,Moderado
226.44,False,7,Departamento,8,Eficiente
213.01,False,7,Departamento,3,Eficiente
312.85,False,8,Departamento,6,Moderado
159.63,False,11,Casa,8,Eficiente
239.37,True,8,Departamento,10,Moderado
172.07,False,6,Departamento,8,Eficiente
285.01,False,8,Casa,8,Eficiente
248.77,True,10,Departamento,10,Moderado
633.42,True,21,Local,11,Moderado
391.39,False,6,Departamento,9,Ineficiente
279.21,False,6,Departamento,4,Moderado
595.38,True,11,Casa,9,Ineficiente
274.87,False,8,Casa,6,Eficiente
321.36,True,7,Casa,7,Moderado
244.09,False,12,Casa,6,Eficiente
445.59,True,9,Local,7,Moderado
390.3,True,6,Casa,9,Ineficiente
215.27,False,8,Departamento,4,Eficiente
261.65,False,4,Casa,6,Eficiente
327.73,True,10,Casa,12,Moderado
451.86,False,11,Casa,1,Moderado
266.15,False,14,Casa,11,Eficiente
153.31,False,3,Departamento,9,Eficiente
892.48,True,16,Local,7,Ineficiente
604.44,True,13,Local,6,Moderado
444.63,True,13,Casa,12,Moderado
562.26,True,4,Departamento,11,Ineficiente
448.67,True,9,Casa,9,Ineficiente
706.95,True,21,Local,9,Moderado
274.4,False,3,Departamento,11,Ineficiente
476.59,True,6,Casa,8,Ineficiente
366.86,True,13,Casa,5,Moderado
738.95,True,12,Casa,12,Ineficiente
476.54,False,14,Casa,4,Moderado
684.89,True,14,Local,3,Moderado
149.14,False,7,Departamento,11,Eficiente
680.79,True,12,Local,8,Moderado
388.99,True,5,Casa,12,Ineficiente
220.22,False,4,Departamento,2,Eficiente
244.89,False,8,Casa,12,Eficiente
335.01,True,15,Departamento,8,Moderado
338.35,True,10,Casa,9,Moderado
521.16,False,8,Casa,3,Ineficiente
232.03,False,4,Departamento,8,Moderado
555.14,True,13,Casa,8,Ineficiente
133.67,False,4,Departamento,9,Eficiente
394.23,False,9,Departamento,2,Ineficiente
527.4,True,5,Casa,9,Ineficiente
399.18,False,12,Local,2,Eficiente
361.0,True,8,Departamento,9,Ineficiente
260.09,True,3,Departamento,6,Ineficiente
322.06,True,3,Departamento,9,Ineficiente
198.64,False,4,Departamento,9,Moderado
277.96,False,6,Departamento,6,Moderado
598.72,True,14,Local,10,Moderado
186.12,False,6,Departamento,4,Eficiente
444.22,True,10,Casa,6,Moderado
199.32,False,8,Casa,8,Eficiente
305.89,False,5,Departamento,10,Ineficiente
408.46,False,8,Casa,7,Moderado
201.03,False,13,Casa,7,Eficiente
171.5,False,14,Casa,8,Eficiente
427.35,True,8,Departamento,8,Ineficiente
378.7,False,8,Casa,5,Moderado
107.48,False,4,Departamento,3,Eficiente
243.8,False,8,Departamento,7,Eficiente
242.87,True,7,Departamento,9,Moderado
412.78,True,10,Casa,6,Moderado
261.28,False,11,Departamento,2,Eficiente
212.83,False,6,Departamento,6,Eficiente
213.66,False,4,Departamento,12,Moderado
231.07,True,6,Departamento,11,Moderado
458.41,True,10,Casa,4,Moderado
1056.15,True,22,Local,10,Ineficiente
409.66,True,9,Casa,5,Moderado
258.39,True,5,Departamento,11,Ineficiente
219.85,False,6,Departamento,3,Eficiente
413.79,True,6,Casa,3,Moderado
214.53,False,3,Departamento,10,Moderado
231.84,True,9,Casa,10,Eficiente
114.31,True,5,Departamento,5,Eficiente
381.09,True,4,Departamento,10,Ineficiente
337.4,True,12,Casa,10,Moderado
169.15,False,13,Casa,11,Eficiente
262.86,True,3,Departamento,12,Ineficiente
109.6,False,11,Casa,10,Eficiente
917.43,True,13,Local,10,Ineficiente
236.71,False,6,Departamento,10,Moderado
170.04,True,3,Departamento,11,Moderado
438.88,True,11,Casa,11,Moderado
139.71,True,3,Departamento,6,Eficiente
631.4,True,15,Local,4,Moderado
259.63,False,9,Casa,12,Eficiente
454.7,True,7,Casa,6,Ineficiente
483.0,True,5,Casa,12,Ineficiente
275.68,False,5,Casa,12,Moderado
288.8,True,6,Departamento,11,Ineficiente
207.21,True,3,Departamento,10,Moderado
269.69,False,7,Departamento,7,Moderado
420.84,True,11,Casa,9,Moderado
270.66,False,4,Casa,8,Moderado
128.49,True,11,Casa,11,Eficiente
526.63,False,10,Local,11,Moderado
111.83,False,8,Departamento,6,Eficiente
364.8,True,8,Casa,10,Moderado
343.75,False,8,Departamento,6,Moderado
293.5,True,9,Casa,11,Moderado
297.19,False,12,Casa,9,Eficiente
587.04,True,7,Casa,9,Ineficiente
156.44,True,8,Local,10,Eficiente
292.11,False,10,Departamento,10,Moderado
213.51,True,7,Departamento,6,Moderado
166.9,False,8,Casa,1,Eficiente
395.94,True,10,Casa,12,Moderado
257.41,False,2,Departamento,8,Ineficiente
230.62,False,9,Casa,10,Eficiente
500.53,False,17,Local,3,Eficiente
279.28,False,3,Departamento,6,Ineficiente
458.99,True,10,Casa,10,Ineficiente
113.04,True,13,Departamento,9,Eficiente
584.32,False,8,Local,10,Moderado
354.23,False,5,Departamento,9,Ineficiente
258.66,False,9,Departamento,3,Eficiente
536.54,True,16,Local,3,Eficiente
385.81,True,4,Casa,10,Ineficiente
550.46,True,14,Local,12,Moderado
395.52,True,8,Casa,11,Moderado
163.67,True,6,Departamento,10,Eficiente
132.27,False,7,Departamento,1,Eficiente
298.97,True,6,Departamento,10,Ineficiente
236.89,False,7,Departamento,6,Eficiente
258.61,False,7,Departamento,2,Eficiente
236.61,True,8,Casa,3,Eficiente
258.13,False,11,Casa,2,Eficiente
461.27,True,10,Casa,6,Moderado
222.13,True,10,Departamento,11,Moderado
562.5,True,3,Casa,10,Ineficiente
407.64,True,6,Casa,8,Ineficiente
724.49,True,13,Local,5,Moderado
242.31,True,7,Casa,7,Eficiente
390.67,True,8,Casa,8,Moderado
641.3,True,8,Casa,6,Ineficiente
362.29,True,9,Casa,2,Moderado
139.78,False,8,Departamento,4,Eficiente
525.42,True,9,Casa,10,Ineficiente
261.16,True,10,Casa,3,Eficiente
399.93,True,11,Local,8,Eficiente
260.69,True,8,Departamento,3,Moderado
204.2,False,4,Departamento,5,Eficiente
654.53,True,17,Local,5,Moderado
577.95,True,9,Local,11,Moderado
344.95,False,6,Casa,2,Moderado
218.26,False,3,Departamento,1,Moderado
410.16,False,6,Departamento,7,Ineficiente
424.35,True,9,Casa,8,Moderado
397.68,True,11,Casa,7,Moderado
989.99,False,7,Casa,9,Ineficiente
289.53,False,9,Departamento,11,Moderado
294.14,False,7,Departamento,8,Moderado
437.64,True,12,Departamento,7,Ineficiente
252.86,False,11,Casa,9,Eficiente
468.59,True,10,Casa,3,Moderado
250.77,False,6,Departamento,3,Moderado
229.58,False,3,Departamento,5,Moderado
423.54,True,16,Local,10,Eficiente
934.82,True,14,Local,11,Ineficiente
749.56,True,16,Local,7,Moderado
442.72,True,8,Local,8,Moderado
2297.55,True,13,Local,10,Ineficiente
165.66,False,7,Departamento,3,Eficiente
492.99,True,13,Casa,2,Moderado
531.46,True,10,Casa,9,Ineficiente
566.47,False,6,Casa,2,Ineficiente
366.15,False,12,Casa,2,Eficiente
312.66,False,13,Casa,5,Eficiente
322.11,True,14,Local,10,Eficiente
1526.27,True,8,Casa,5,Ineficiente
467.3,True,16,Local,12,Moderado
183.8,True,7,Departamento,7,Eficiente
56.23,False,3,Departamento,4,Eficiente
283.23,True,7,Departamento,12,Ineficiente
435.57,True,9,Casa,8,Moderado
386.91,False,6,Departamento,1,Ineficiente
232.11,True,13,Casa,11,Eficiente
865.51,True,15,Local,9,Ineficiente
225.96,True,11,Casa,7,Eficiente
409.03,False,6,Casa,1,Moderado
292.22,True,7,Departamento,9,Ineficiente
216.56,False,9,Departamento,10,Eficiente
230.24,True,6,Departamento,7,Moderado
216.61,False,6,Departamento,12,Moderado
328.73,False,11,Casa,8,Eficiente
330.89,True,4,Departamento,6,Ineficiente
346.83,False,7,Casa,12,Moderado
478.7,False,3,Casa,3,Ineficiente
441.08,True,6,Casa,9,Ineficiente
509.58,True,7,Casa,4,Ineficiente
118.22,False,13,Casa,12,Eficiente
316.76,False,6,Departamento,10,Ineficiente
380.41,True,7,Casa,7,Moderado
433.36,False,8,Casa,12,Moderado
217.69,False,2,Departamento,8,Ineficiente
166.81,False,11,Casa,3,Eficiente
474.46,False,9,Departamento,1,Ineficiente
670.3,True,11,Local,2,Moderado
271.41,False,9,Casa,11,Eficiente
654.24,False,17,Local,4,Eficiente
249.14,False,11,Casa,6,Eficiente
352.6,True,14,Casa,9,Moderado
293.91,False,9,Departamento,2,Moderado
142.03,False,9,Departamento,1,Eficiente
95.61,False,4,Departamento,9,Eficiente
545.34,True,8,Casa,9,Ineficiente
259.87,True,12,Departamento,3,Moderado
592.71,True,6,Casa,5,Ineficiente
252.29,True,10,Casa,7,Eficiente
413.19,False,11,Casa,1,Eficiente
797.39,True,21,Local,9,Moderado
417.06,True,8,Casa,9,Moderado
317.48,True,5,Departamento,8,Ineficiente
187.59,False,9,Departamento,10,Eficiente
252.36,True,3,Departamento,11,Ineficiente
186.75,False,11,Departamento,3,Eficiente
722.26,True,19,Local,9,Moderado
396.52,False,11,Casa,10,Moderado
397.88,True,7,Casa,11,Ineficiente
277.76,False,10,Departamento,4,Moderado
386.45,False,5,Casa,12,Ineficiente
552.51,False,9,Casa,4,Ineficiente
482.3,False,7,Casa,3,Moderado
222.78,False,6,Casa,2,Eficiente
445.49,False,12,Casa,11,Moderado
457.08,True,4,Casa,8,Ineficiente
546.79,False,22,Local,2,Eficiente
387.8,True,6,Casa,12,Ineficiente
787.28,True,18,Local,4,Moderado
262.21,False,11,Local,9,Eficiente
485.77,False,9,Casa,9,Ineficiente
307.6,True,8,Departamento,11,Ineficiente
198.97,False,7,Departamento,9,Eficiente
137.79,False,5,Departamento,1,Eficiente
372.57,False,7,Casa,11,Moderado
374.06,True,6,Casa,7,Moderado
364.55,False,13,Casa,12,Moderado
103.44,False,9,Departamento,5,Eficiente
1568.77,False,10,Local,1,Ineficiente
294.06,False,6,Departamento,5,Moderado
129.07,False,4,Departamento,6,Eficiente
580.61,True,12,Local,10,Moderado
249.76,False,4,Departamento,7,Moderado
107.81,False,14,Casa,1,Eficiente
709.55,True,14,Local,7,Moderado
340.35,False,7,Casa,8,Moderado
269.81,True,9,Casa,4,Eficiente
1029.3,False,6,Departamento,7,Ineficiente
535.0,True,11,Local,11,Moderado
207.63,False,15,Casa,11,Eficiente
179.9,False,4,Departamento,8,Eficiente
522.08,False,6,Casa,4,Ineficiente
410.5,True,6,Casa,7,Ineficiente
346.42,False,10,Casa,2,Eficiente
206.7,True,10,Departamento,9,Eficiente
243.19,False,15,Local,2,Eficiente
282.22,False,12,Casa,1,Eficiente
385.54,False,8,Casa,8,Moderado
468.97,True,8,Casa,9,Ineficiente
250.76,True,6,Casa,11,Moderado
299.92,False,7,Departamento,6,Moderado
155.34,False,5,Departamento,8,Eficiente
147.22,False,6,Departamento,6,Eficiente
349.42,True,11,Casa,6,Moderado
201.25,False,3,Departamento,7,Moderado
454.17,True,10,Casa,3,Moderado
117.68,False,11,Casa,1,Eficiente
215.1,True,17,Local,7,Eficiente
1075.66,False,5,Departamento,9,Ineficiente
586.38,True,14,Local,8,Moderado
1329.87,False,20,Local,5,Ineficiente
348.86,False,6,Departamento,12,Ineficiente
1211.05,False,10,Local,10,Ineficiente
343.09,True,7,Casa,10,Moderado
298.49,False,10,Casa,8,Eficiente
333.94,True,5,Casa,4,Moderado
289.8,False,7,Casa,5,Eficiente
366.51,True,1,Casa,8,Ineficiente
580.84,True,8,Casa,8,Ineficiente
781.93,False,7,Departamento,2,Ineficiente
642.5,False,5,Departamento,12,Ineficiente
305.13,False,4,Departamento,12,Ineficiente
311.13,True,9,Casa,5,Eficiente
86.46,False,7,Departamento,8,Eficiente
385.01,True,10,Casa,3,Moderado
589.37,True,9,Casa,12,Ineficiente
284.0,False,9,Casa,11,Eficiente
567.76,True,13,Casa,9,Ineficiente
350.64,False,10,Casa,5,Eficiente
239.81,False,4,Departamento,1,Moderado
216.49,False,3,Departamento,11,Moderado
821.04,False,7,Departamento,4,Ineficiente
563.83,True,3,Casa,8,Ineficiente
331.6,True,4,Departamento,9,Ineficiente
144.6,True,8,Departamento,10,Eficiente
440.02,True,12,Casa,7,Moderado
233.41,False,4,Departamento,9,Moderado
174.35,False,8,Departamento,2,Eficiente
386.85,False,9,Casa,8,Moderado
342.12,True,8,Casa,12,Moderado
196.53,False,3,Departamento,6,Moderado
275.12,True,9,Casa,6,Eficiente
359.09,False,7,Casa,9,Moderado
457.68,True,6,Casa,11,Ineficiente
384.55,False,16,Local,10,Eficiente
348.43,True,9,Casa,4,Moderado
312.01,True,7,Casa,4,Moderado
319.91,False,5,Casa,11,Moderado
626.76,True,11,Local,12,Moderado
269.39,True,3,Departamento,11,Ineficiente
860.45,True,18,Local,11,Ineficiente
469.1,True,12,Casa,9,Moderado
497.02,False,14,Casa,12,Moderado
193.21,False,2,Departamento,10,Ineficiente
269.94,False,11,Casa,9,Eficiente
235.51,False,4,Departamento,7,Moderado
626.77,True,12,Local,12,Moderado
296.58,True,8,Departamento,8,Moderado
863.12,True,18,Local,7,Ineficiente
341.21,False,4,Departamento,11,Ineficiente
269.77,False,14,Casa,1,Eficiente
243.09,True,6,Departamento,10,Moderado
395.52,True,15,Casa,11,Moderado
229.42,False,8,Departamento,1,Eficiente
533.3,True,12,Casa,12,Ineficiente
487.52,True,7,Casa,12,Ineficiente
353.78,False,6,Departamento,4,Ineficiente
199.78,False,10,Casa,11,Eficiente
318.31,True,8,Casa,7,Moderado
346.86,True,5,Departamento,7,Ineficiente
238.33,False,11,Casa,12,Eficiente
259.66,False,3,Departamento,10,Ineficiente
317.9,True,8,Casa,11,Moderado
542.53,True,7,Casa,11,Ineficiente
179.29,False,9,Casa,9,Eficiente
230.9,False,4,Departamento,6,Moderado
525.2,True,17,Local,8,Eficiente
155.74,False,6,Casa,2,Eficiente
688.69,True,14,Local,12,Ineficiente
615.98,False,5,Departamento,6,Ineficiente
248.85,True,2,Departamento,8,Ineficiente
281.74,False,5,Departamento,5,Moderado
291.64,False,7,Departamento,10,Moderado
348.86,True,1,Departamento,1,Ineficiente
239.42,False,4,Departamento,4,Moderado
360.34,False,2,Departamento,12,Ineficiente
250.57,False,5,Casa,4,Eficiente
384.48,True,8,Casa,12,Moderado
304.62,False,8,Departamento,8,Moderado
424.49,False,7,Casa,10,Moderado
402.49,False,6,Casa,9,Moderado
491.08,True,14,Casa,9,Ineficiente
138.43,False,10,Casa,12,Eficiente
215.19,True,10,Departamento,8,Eficiente
86.61,False,8,Departamento,4,Eficiente
492.6,False,7,Casa,8,Ineficiente
312.55,False,15,Casa,9,Eficiente
437.78,True,9,Casa,9,Ineficiente
191.19,True,5,Casa,12,Eficiente
226.84,False,7,Departamento,8,Eficiente
344.68,True,4,Departamento,10,Ineficiente
426.84,False,8,Departamento,2,Ineficiente
226.6,True,9,Departamento,3,Eficiente
870.41,True,10,Local,11,Ineficiente
233.22,False,5,Departamento,6,Moderado
295.37,False,4,Departamento,4,Ineficiente
188.98,False,8,Departamento,10,Eficiente
350.59,False,8,Casa,5,Eficiente
568.43,True,15,Local,7,Moderado
378.35,True,16,Casa,7,Moderado
488.69,True,9,Casa,3,Ineficiente
605.19,True,14,Local,12,Moderado
150.45,False,10,Departamento,4,Eficiente
159.77,True,8,Casa,7,Eficiente
353.69,False,15,Casa,11,Eficiente
219.77,True,13,Casa,10,Eficiente
265.6,True,4,Departamento,9,Ineficiente
410.66,False,12,Casa,12,Moderado
525.1,True,12,Local,12,Moderado
718.5,True,16,Local,12,Ineficiente
160.53,True,4,Departamento,8,Eficiente
73.16,False,4,Departamento,3,Eficiente
443.27,False,4,Casa,11,Ineficiente
504.46,True,10,Casa,10,Ineficiente
367.23,True,9,Departamento,12,Ineficiente
749.35,False,11,Casa,12,Ineficiente
461.27,True,8,Casa,10,Ineficiente
513.31,True,9,Casa,9,Ineficiente
152.81,False,12,Casa,9,Eficiente
423.48,True,10,Casa,10,Moderado
294.16,False,5,Departamento,10,Ineficiente
370.67,True,8,Departamento,4,Ineficiente
289.92,False,5,Departamento,9,Moderado
274.43,True,3,Departamento,10,Ineficiente
465.02,True,13,Casa,7,Moderado
249.56,False,6,Departamento,1,Eficiente
205.12,False,3,Departamento,2,Moderado
318.95,False,3,Casa,9,Ineficiente
780.45,True,14,Local,11,Ineficiente
204.71,False,9,Casa,10,Eficiente
463.15,True,12,Casa,12,Ineficiente
206.06,True,9,Casa,3,Eficiente
328.6,True,6,Casa,9,Moderado
345.19,False,6,Casa,10,Moderado
260.97,False,7,Departamento,1,Eficiente
670.26,True,16,Local,5,Moderado
435.86,True,3,Casa,10,Ineficiente
175.74,False,8,Departamento,1,Eficiente
274.8,False,13,Casa,3,Eficiente
134.46,False,9,Departamento,12,Eficiente
267.85,True,7,Casa,9,Moderado
361.87,False,7,Casa,12,Moderado
193.42,False,5,Departamento,4,Eficiente
323.32,False,8,Departamento,9,Moderado
121.41,False,3,Departamento,8,Eficiente
122.68,False,5,Departamento,11,Eficiente
267.3,False,10,Departamento,3,Eficiente
470.77,False,8,Casa,1,Moderado
624.49,True,12,Casa,5,Ineficiente
169.1,False,9,Casa,7,Eficiente
387.84,True,6,Casa,11,Ineficiente
219.62,False,11,Casa,11,Eficiente
186.79,False,7,Departamento,9,Eficiente
472.26,True,9,Casa,11,Ineficiente
258.84,False,4,Departamento,9,Moderado
299.19,False,10,Departamento,5,Moderado
256.92,True,6,Departamento,10,Moderado
169.42,False,4,Departamento,4,Eficiente
237.37,False,5,Casa,10,Eficiente
269.04,False,10,Casa,9,Eficiente
322.63,True,4,Departamento,6,Ineficiente
279.37,True,9,Departamento,6,Moderado
279.29,False,10,Casa,11,Eficiente
340.86,True,9,Casa,10,Moderado
833.24,False,8,Departamento,1,Ineficiente
218.27,False,7,Departamento,3,Eficiente
388.78,False,7,Casa,6,Moderado
408.04,False,12,Casa,7,Moderado
554.11,False,14,Local,5,Eficiente
349.31,False,6,Casa,3,Moderado
300.06,False,12,Local,9,Eficiente
190.41,True,8,Casa,11,Eficiente
249.92,False,6,Departamento,8,Moderado
437.33,False,11,Casa,12,Moderado
343.64,True,6,Casa,7,Moderado
590.31,True,17,Local,12,Moderado
195.04,False,7,Departamento,4,Eficiente
561.61,True,25,Local,12,Moderado
489.41,False,12,Casa,6,Moderado
647.2,True,10,Local,6,Moderado
623.36,True,14,Local,9,Moderado
89.5,False,7,Departamento,4,Eficiente
265.07,False,8,Casa,5,Eficiente
280.01,False,8,Departamento,11,Moderado
275.26,True,6,Departamento,12,Ineficiente
914.48,True,22,Local,3,Moderado
157.73,True,8,Casa,11,Eficiente
345.92,True,13,Casa,4,Eficiente
505.51,True,5,Casa,10,Ineficiente
35.91,True,11,Departamento,9,Eficiente
460.72,True,14,Local,10,Eficiente
369.31,False,5,Casa,3,Moderado
260.85,False,5,Departamento,12,Moderado
284.95,True,10,Local,11,Eficiente
326.04,False,10,Casa,4,Eficiente
245.56,False,8,Casa,6,Eficiente
360.52,False,6,Departamento,11,Ineficiente
129.79,False,8,Departamento,3,Eficiente
560.93,True,9,Casa,9,Ineficiente
214.14,True,3,Departamento,11,Ineficiente
205.44,False,7,Departamento,11,Eficiente
1332.33,False,11,Local,4,Ineficiente
473.28,True,19,Local,11,Eficiente
352.83,True,3,Departamento,9,Ineficiente
309.68,True,6,Departamento,9,Ineficiente
226.45,False,9,Casa,2,Eficiente
149.73,False,5,Departamento,2,Eficiente
262.95,True,9,Casa,12,Eficiente
247.37,False,7,Departamento,10,Moderado
418.4,False,15,Casa,2,Eficiente
1079.05,True,5,Departamento,8,Ineficiente
127.28,False,16,Casa,4,Eficiente
502.95,True,12,Casa,5,Moderado
424.9,True,11,Casa,8,Moderado
170.02,False,6,Departamento,8,Eficiente
219.11,True,8,Departamento,8,Moderado
457.91,True,6,Casa,10,Ineficiente
816.4,True,22,Local,7,Moderado
340.55,False,20,Local,10,Eficiente
416.97,True,7,Casa,7,Ineficiente
261.08,False,4,Departamento,5,Moderado
330.67,False,10,Casa,4,Eficiente
222.42,False,9,Casa,1,Eficiente
171.2,False,5,Departamento,7,Eficiente
333.19,True,8,Casa,7,Moderado
367.24,False,8,Local,12,Eficiente
682.78,True,16,Local,9,Moderado
361.06,False,7,Departamento,1,Moderado
182.19,True,4,Departamento,11,Moderado
108.88,True,13,Departamento,8,Eficiente
769.86,True,18,Local,1,Moderado
232.97,True,9,Casa,12,Eficiente
408.34,False,10,Casa,12,Moderado
178.0,False,5,Departamento,11,Eficiente
446.81,True,7,Casa,11,Ineficiente
527.22,True,12,Casa,12,Ineficiente
394.61,False,8,Casa,8,Moderado
272.24,True,5,Departamento,9,Ineficiente
1572.54,True,5,Casa,7,Ineficiente
314.34,False,11,Casa,5,Eficiente
1082.8,False,11,Casa,10,Ineficiente
406.84,True,11,Casa,10,Moderado
290.15,True,21,Local,8,Eficiente
303.62,True,10,Casa,7,Eficiente
156.15,False,5,Departamento,1,Eficiente
244.18,True,9,Departamento,10,Moderado
382.3,False,6,Casa,8,Moderado
265.0,True,5,Departamento,5,Moderado
123.29,False,5,Departamento,10,Eficiente
174.9,False,8,Departamento,12,Eficiente
222.66,False,8,Casa,1,Eficiente
244.2,True,9,Casa,12,Eficiente
245.59,True,17,Local,6,Eficiente
247.92,True,5,Departamento,10,Moderado
442.69,True,17,Local,8,Eficiente
731.47,True,17,Local,9,Moderado
426.25,True,8,Casa,2,Moderado
276.19,False,4,Departamento,8,Ineficiente
176.9,False,9,Departamento,12,Eficiente
232.14,False,6,Departamento,10,Moderado
1256.5,True,10,Casa,10,Ineficiente
231.72,False,9,Casa,3,Eficiente
197.29,False,4,Departamento,4,Eficiente
278.23,False,6,Departamento,10,Moderado
261.55,True,4,Departamento,7,Ineficiente
430.47,False,7,Casa,7,Moderado
784.22,True,9,Casa,10,Ineficiente
628.65,True,14,Local,10,Moderado
351.98,True,10,Casa,6,Moderado
520.03,True,6,Casa,12,Ineficiente
190.12,False,6,Departamento,12,Eficiente
446.9,True,6,Casa,8,Ineficiente
258.28,False,9,Departamento,6,Moderado
445.5,False,9,Casa,5,Moderado
186.99,False,3,Departamento,8,Moderado
450.01,False,13,Local,6,Eficiente
747.89,True,15,Local,5,Moderado
256.59,True,5,Departamento,5,Moderado
579.05,True,8,Casa,9,Ineficiente
745.01,False,3,Departamento,9,Ineficiente
409.68,False,6,Departamento,7,Ineficiente
193.1,False,4,Departamento,3,Eficiente
208.7,False,4,Departamento,2,Eficiente
168.22,False,5,Departamento,12,Eficiente
137.37,False,8,Departamento,11,Eficiente
183.48,False,7,Departamento,10,Eficiente
265.53,False,11,Casa,9,Eficiente
273.21,False,2,Departamento,11,Ineficiente
279.0,True,14,Departamento,9,Moderado
231.7,False,8,Casa,11,Eficiente
624.86,True,12,Local,12,Moderado
243.65,False,3,Departamento,6,Moderado
263.35,True,5,Casa,4,Eficiente
196.34,False,5,Departamento,11,Moderado
180.53,True,4,Departamento,10,Moderado
146.65,False,5,Departamento,6,Eficiente
319.46,False,8,Casa,11,Moderado
578.48,True,13,Local,10,Moderado
67.45,False,12,Casa,10,Eficiente
175.45,False,2,Departamento,1,Moderado
325.11,True,8,Casa,4,Moderado
116.39,True,10,Departamento,7,Eficiente
328.63,False,5,Departamento,1,Moderado
366.97,True,6,Departamento,11,Ineficiente
65.13,True,3,Departamento,11,Eficiente
243.14,False,4,Departamento,5,Moderado
241.82,False,9,Departamento,6,Eficiente
284.65,False,15,Casa,12,Eficiente
277.13,True,16,Local,7,Eficiente
236.7,True,5,Departamento,5,Moderado
445.9,False,16,Local,2,Eficiente
3734.24,True,20,Local,12,Ineficiente
532.74,False,22,Local,4,Eficiente
172.58,False,7,Departamento,10,Eficiente
301.8,False,7,Departamento,10,Moderado
444.05,False,12,Casa,11,Moderado
252.84,False,9,Departamento,2,Eficiente
302.73,True,3,Departamento,12,Ineficiente
161.0,True,4,Departamento,11,Moderado
408.64,False,15,Local,12,Eficiente
392.29,True,11,Casa,9,Moderado
277.92,True,13,Casa,2,Eficiente
109.35,False,1,Departamento,6,Moderado
420.8,False,14,Casa,6,Moderado
436.79,True,11,Casa,9,Moderado
257.77,False,8,Casa,5,Eficiente
254.79,True,4,Departamento,12,Ineficiente
142.96,False,4,Departamento,4,Eficiente
290.84,False,4,Casa,6,Moderado
82.96,False,9,Casa,6,Eficiente
304.37,False,6,Departamento,8,Moderado
219.12,False,6,Casa,6,Eficiente
49.87,False,8,Departamento,12,Eficiente
182.52,False,7,Departamento,12,Eficiente
260.9,False,6,Casa,6,Eficiente
170.73,False,7,Departamento,4,Eficiente
358.9,True,7,Casa,10,Moderado
236.55,False,9,Casa,11,Eficiente
523.55,True,12,Local,11,Moderado
193.41,False,10,Departamento,3,Eficiente
623.82,True,14,Local,2,Moderado
288.39,True,12,Casa,8,Eficiente
560.19,False,6,Casa,4,Ineficiente
240.89,False,3,Departamento,4,Moderado
251.7,True,3,Departamento,4,Ineficiente
2583.79,True,14,Local,12,Ineficiente
370.53,True,14,Casa,10,Moderado
724.22,True,14,Local,8,Moderado
464.68,True,13,Local,12,Moderado
271.18,False,5,Departamento,1,Moderado
401.09,False,8,Casa,8,Moderado
280.4,False,6,Departamento,12,Moderado
398.28,True,9,Casa,5,Moderado
206.28,False,6,Departamento,4,Eficiente
388.7,False,3,Departamento,9,Ineficiente
854.32,True,16,Local,12,Ineficiente
330.97,True,5,Departamento,7,Ineficiente
195.04,False,10,Departamento,1,Eficiente
209.05,False,6,Departamento,9,Eficiente
513.56,False,9,Departamento,3,Ineficiente
762.94,True,10,Local,12,Ineficiente
351.48,True,10,Casa,4,Moderado
510.97,False,12,Local,8,Eficiente
249.06,False,3,Departamento,9,Ineficiente
574.36,True,18,Local,8,Moderado
142.24,True,8,Departamento,11,Eficiente
156.84,False,5,Departamento,11,Eficiente
165.07,True,5,Casa,8,Eficiente
46.61,False,11,Departamento,10,Eficiente
275.61,False,6,Casa,1,Eficiente
301.12,False,7,Casa,3,Eficiente
301.6,False,11,Casa,6,Eficiente
359.0,True,10,Casa,2,Moderado
521.06,True,8,Casa,12,Ineficiente
188.11,False,8,Departamento,1,Eficiente
447.45,True,9,Casa,6,Moderado
305.18,True,12,Departamento,5,Moderado
231.5,True,5,Casa,8,Eficiente
207.83,True,3,Departamento,12,Ineficiente
212.31,False,4,Departamento,6,Moderado
431.41,False,15,Casa,12,Moderado
242.25,False,3,Departamento,7,Moderado
720.13,True,8,Local,3,Ineficiente
139.82,False,8,Departamento,8,Eficiente
426.84,False,10,Casa,12,Moderado
222.02,False,9,Departamento,3,Eficiente
291.23,False,6,Departamento,1,Moderado
253.27,False,10,Casa,11,Eficiente
244.53,False,4,Departamento,3,Moderado
451.86,False,12,Casa,10,Moderado
298.25,True,5,Departamento,11,Ineficiente
330.75,True,8,Casa,10,Moderado
180.81,False,13,Casa,9,Eficiente
814.94,True,16,Local,10,Ineficiente
296.27,False,7,Local,10,Eficiente
614.09,True,13,Local,11,Moderado
593.78,True,6,Local,11,Ineficiente
404.62,False,12,Casa,12,Moderado
376.04,True,8,Casa,7,Moderado
322.68,True,9,Casa,6,Moderado
321.13,True,8,Departamento,11,Ineficiente
345.51,True,11,Casa,10,Moderado
485.87,False,17,Local,3,Eficiente
263.71,False,5,Casa,10,Eficiente
423.22,True,11,Casa,6,Moderado
344.79,True,6,Casa,11,Moderado
369.97,True,10,Casa,3,Moderado
392.86,True,11,Casa,6,Moderado
273.01,False,3,Departamento,8,Ineficiente
211.45,False,10,Casa,11,Eficiente
162.93,True,7,Departamento,12,Eficiente
484.84,False,13,Local,8,Eficiente
192.47,False,4,Departamento,11,Moderado
374.52,True,3,Departamento,10,Ineficiente
242.69,False,7,Casa,12,Eficiente
84.81,False,6,Casa,11,Eficiente
417.77,False,9,Casa,11,Moderado
810.88,True,16,Local,7,Ineficiente
245.13,True,10,Departamento,11,Moderado
204.53,False,5,Casa,11,Eficiente
234.48,False,7,Departamento,5,Eficiente
151.2,False,5,Departamento,10,Eficiente
212.68,False,6,Departamento,1,Eficiente
277.31,False,4,Departamento,2,Moderado
706.94,True,10,Local,9,Ineficiente
221.19,False,10,Departamento,11,Eficiente
178.45,True,1,Departamento,8,Ineficiente
365.91,True,10,Casa,2,Moderado
394.52,False,12,Casa,6,Moderado
1021.33,False,16,Local,10,Ineficiente
197.01,False,6,Departamento,2,Eficiente
422.28,False,7,Casa,10,Moderado
315.35,False,4,Departamento,6,Ineficiente
205.52,True,7,Casa,9,Eficiente
273.42,False,6,Departamento,9,Moderado
342.18,False,11,Casa,12,Moderado
262.72,False,5,Departamento,1,Moderado
255.27,False,11,Departamento,8,Eficiente
550.43,True,9,Casa,6,Ineficiente
555.72,True,13,Casa,5,Ineficiente
125.36,False,3,Departamento,9,Eficiente
468.48,True,9,Casa,8,Ineficiente
390.5,False,11,Casa,6,Moderado
241.79,True,5,Departamento,9,Moderado
229.39,True,16,Casa,12,Eficiente
436.23,True,12,Casa,5,Moderado
331.04,False,6,Casa,5,Moderado
486.04,True,15,Local,4,Eficiente
417.26,True,14,Casa,6,Moderado
274.06,False,7,Casa,6,Eficiente
329.25,True,9,Casa,10,Moderado
369.7,False,7,Casa,11,Moderado
379.55,False,8,Casa,7,Moderado
409.25,False,16,Casa,8,Moderado
280.5,True,11,Casa,12,Eficiente
188.81,False,11,Casa,11,Eficiente
627.43,True,10,Local,10,Moderado
544.97,True,13,Casa,9,Ineficiente
648.71,True,11,Casa,5,Ineficiente
661.94,True,12,Local,12,Ineficiente
779.22,False,16,Local,8,Moderado
305.44,False,4,Departamento,10,Ineficiente
403.69,False,10,Casa,2,Eficiente
191.12,True,12,Casa,5,Eficiente
257.22,False,5,Casa,4,Eficiente
411.09,True,6,Casa,6,Ineficiente
510.93,True,5,Casa,8,Ineficiente
199.13,False,6,Departamento,12,Eficiente
204.45,False,10,Casa,2,Eficiente
298.19,False,6,Departamento,12,Ineficiente
335.08,False,7,Casa,10,Moderado
373.51,True,9,Casa,5,Moderado
263.62,False,9,Departamento,4,Eficiente
871.68,True,13,Local,11,Ineficiente
453.75,False,6,Casa,2,Moderado
286.21,True,7,Departamento,12,Ineficiente
308.77,True,8,Casa,12,Moderado
162.34,False,8,Casa,4,Eficiente
224.07,True,6,Departamento,9,Moderado
424.54,True,5,Casa,8,Ineficiente
484.98,True,13,Casa,10,Ineficiente
290.93,False,9,Departamento,10,Moderado
340.09,False,13,Casa,12,Eficiente
398.63,True,9,Casa,7,Moderado
293.06,False,10,Casa,10,Eficiente
618.72,True,12,Local,10,Moderado
102.83,False,6,Departamento,9,Eficiente
248.51,False,9,Casa,3,Eficiente
473.17,True,12,Casa,9,Ineficiente
222.65,False,6,Departamento,6,Eficiente
396.5,False,11,Casa,4,Eficiente
277.04,True,7,Departamento,5,Moderado
243.7,True,10,Departamento,5,Moderado
408.84,True,15,Casa,9,Moderado
530.25,True,12,Casa,4,Ineficiente
223.42,False,11,Casa,3,Eficiente
283.76,False,10,Casa,5,Eficiente
368.95,True,7,Casa,7,Moderado
381.04,False,21,Local,12,Eficiente
282.28,False,11,Casa,4,Eficiente
307.65,True,8,Departamento,11,Ineficiente
207.43,False,5,Departamento,1,Eficiente
443.98,True,8,Casa,7,Ineficiente
327.51,True,8,Casa,11,Moderado
230.9,False,13,Casa,4,Eficiente
176.2,False,7,Departamento,3,Eficiente
357.89,True,9,Casa,8,Moderado
88.87,True,9,Departamento,11,Eficiente
457.82,True,16,Local,5,Eficiente
198.16,False,6,Departamento,1,Eficiente
628.55,True,19,Local,6,Moderado
261.35,False,6,Departamento,7,Moderado
2942.7,True,11,Local,9,Ineficiente
280.88,False,4,Departamento,4,Moderado
108.07,False,9,Departamento,10,Eficiente
314.03,True,7,Departamento,7,Ineficiente
310.72,False,28,Local,8,Eficiente
142.05,True,4,Departamento,12,Eficiente
210.31,False,3,Departamento,11,Moderado
174.49,False,6,Departamento,1,Eficiente
1423.21,False,12,Local,6,Ineficiente
370.44,True,6,Casa,3,Moderado
253.38,True,10,Departamento,9,Moderado
227.53,True,10,Departamento,12,Moderado
751.43,True,22,Local,3,Moderado
462.16,True,10,Casa,11,Ineficiente
274.24,False,4,Departamento,7,Moderado
367.5,False,6,Departamento,2,Ineficiente
341.27,True,18,Local,6,Eficiente
375.0,False,17,Local,9,Eficiente
251.83,True,7,Departamento,6,Moderado
173.87,False,6,Departamento,12,Eficiente
397.18,True,9,Casa,7,Moderado
827.31,True,24,Local,12,Ineficiente
405.34,False,11,Casa,9,Moderado
256.89,False,7,Departamento,4,Moderado
375.61,False,9,Departamento,11,Ineficiente
388.44,False,9,Casa,10,Moderado
327.41,True,11,Casa,1,Eficiente
264.05,True,6,Casa,12,Moderado
555.74,True,20,Local,12,Moderado
272.51,False,5,Departamento,3,Moderado
998.52,True,10,Casa,11,Ineficiente
295.66,True,4,Departamento,8,Ineficiente
310.03,True,5,Casa,7,Moderado
540.44,True,15,Local,9,Moderado
552.78,True,12,Casa,12,Ineficiente
511.06,True,8,Casa,5,Ineficiente
425.94,True,10,Casa,12,Ineficiente
92.51,False,6,Departamento,9,Eficiente
250.95,False,5,Departamento,9,Moderado
198.56,True,4,Departamento,9,Moderado
165.59,False,10,Departamento,9,Eficiente
395.42,True,8,Casa,12,Moderado
339.44,False,6,Casa,8,Moderado
198.67,True,5,Casa,7,Eficiente
873.66,True,19,Local,7,Ineficiente
324.06,False,10,Casa,7,Eficiente
387.4,True,16,Local,11,Eficiente
362.17,False,11,Casa,9,Moderado
377.53,True,7,Casa,9,Moderado
1542.44,True,7,Casa,12,Ineficiente
460.56,True,11,Casa,11,Ineficiente
723.28,True,10,Departamento,7,Ineficiente
228.69,True,9,Departamento,9,Moderado
266.94,False,10,Casa,1,Eficiente
170.05,False,9,Departamento,11,Eficiente
235.08,False,10,Departamento,8,Eficiente
347.2,False,18,Local,4,Eficiente
925.84,True,16,Local,7,Ineficiente
206.12,False,6,Departamento,11,Eficiente
276.2,True,4,Departamento,11,Ineficiente
238.21,False,7,Departamento,4,Eficiente
250.07,False,5,Departamento,10,Moderado
298.35,False,1,Departamento,1,Ineficiente
774.71,False,6,Casa,6,Ineficiente
264.4,True,2,Departamento,7,Ineficiente
646.66,True,16,Local,8,Moderado
524.1,True,8,Casa,8,Ineficiente
219.51,True,4,Departamento,4,Moderado
735.94,True,15,Local,8,Moderado
442.52,True,13,Casa,5,Moderado
53.05,True,7,Departamento,9,Eficiente
537.78,True,13,Local,3,Eficiente
578.68,True,21,Local,9,Moderado
303.11,False,15,Casa,2,Eficiente
337.13,False,13,Casa,7,Eficiente
261.1,True,6,Departamento,12,Moderado
337.67,False,12,Casa,11,Eficiente
943.73,False,5,Casa,12,Ineficiente
406.72,False,9,Casa,6,Moderado
654.2,True,11,Casa,6,Ineficiente
147.05,False,3,Departamento,11,Eficiente
213.1,True,5,Departamento,12,Moderado
249.68,False,6,Departamento,11,Moderado
326.64,False,6,Departamento,2,Moderado
372.77,True,11,Casa,5,Moderado
429.51,True,7,Casa,4,Moderado
147.62,False,8,Casa,3,Eficiente
291.81,False,14,Casa,11,Eficiente
1759.44,True,11,Casa,6,Ineficiente
398.28,True,9,Casa,11,Moderado
514.49,True,4,Casa,12,Ineficiente
430.88,True,9,Casa,11,Ineficiente
367.39,True,5,Departamento,6,Ineficiente
146.3,False,8,Departamento,5,Eficiente
459.25,True,22,Local,6,Eficiente
114.73,False,7,Departamento,8,Eficiente
246.06,True,5,Departamento,9,Moderado
580.18,True,11,Casa,12,Ineficiente
239.39,True,4,Departamento,10,Ineficiente
110.49,True,9,Casa,6,Eficiente
532.33,True,8,Casa,11,Ineficiente
355.09,False,11,Casa,9,Eficiente
462.56,True,11,Casa,4,Moderado
348.96,False,13,Casa,10,Eficiente
123.85,False,6,Departamento,6,Eficiente
218.67,True,1,Departamento,9,Ineficiente
267.8,True,5,Departamento,3,Moderado
121.59,False,7,Departamento,1,Eficiente
140.43,False,5,Departamento,5,Eficiente
68.0,False,19,Casa,7,Eficiente
168.47,False,9,Departamento,3,Eficiente
203.02,True,7,Departamento,12,Moderado
403.54,False,6,Casa,1,Moderado
488.1,True,5,Casa,12,Ineficiente
663.62,True,15,Local,9,Moderado
275.52,False,6,Departamento,2,Moderado
193.88,False,3,Departamento,6,Moderado
224.43,True,5,Departamento,10,Moderado
393.67,True,9,Casa,9,Moderado
399.69,True,5,Departamento,12,Ineficiente
420.18,True,7,Casa,7,Ineficiente
300.6,True,13,Casa,11,Eficiente
143.5,True,3,Departamento,10,Moderado
126.63,False,11,Casa,1,Eficiente
167.76,True,1,Departamento,11,Ineficiente
433.02,False,8,Casa,12,Moderado
274.25,False,7,Departamento,9,Moderado
299.04,True,6,Departamento,10,Ineficiente
253.18,True,6,Departamento,11,Moderado
364.72,True,7,Departamento,8,Ineficiente
766.27,True,19,Local,5,Moderado
245.4,True,8,Departamento,8,Moderado
61.91,False,5,Departamento,4,Eficiente
227.76,False,6,Departamento,3,Eficiente
559.97,True,12,Casa,9,Ineficiente
485.55,True,9,Casa,8,Ineficiente
111.45,False,6,Casa,5,Eficiente
168.21,False,10,Casa,11,Eficiente
248.48,False,7,Casa,3,Eficiente
158.84,False,11,Casa,10,Eficiente
174.32,False,4,Departamento,5,Eficiente
355.3,False,9,Casa,12,Moderado
330.7,False,5,Departamento,12,Ineficiente
397.21,False,12,Casa,6,Moderado
297.17,True,5,Departamento,10,Ineficiente
178.37,False,9,Casa,12,Eficiente
92.82,False,3,Departamento,8,Eficiente
443.26,True,9,Casa,11,Ineficiente
328.03,False,7,Departamento,9,Ineficiente
422.13,True,12,Casa,10,Moderado
639.2,True,11,Local,8,Moderado
284.22,False,10,Casa,3,Eficiente
295.15,True,3,Departamento,8,Ineficiente
329.3,False,13,Casa,10,Eficiente
194.04,False,4,Departamento,3,Eficiente
213.72,True,4,Departamento,12,Moderado
116.02,False,8,Casa,7,Eficiente
310.13,True,8,Casa,6,Moderado
1012.41,True,5,Casa,10,Ineficiente
370.25,True,15,Casa,10,Moderado
2694.56,True,16,Local,4,Ineficiente
395.47,True,9,Casa,11,Moderado
379.31,False,9,Casa,1,Eficiente
732.48,True,20,Local,8,Moderado
318.28,False,2,Casa,11,Ineficiente
384.34,True,15,Casa,12,Moderado
331.37,False,4,Departamento,5,Ineficiente
390.31,True,21,Local,7,Eficiente
217.54,False,9,Departamento,4,Eficiente
255.63,False,4,Departamento,1,Moderado
571.05,False,18,Local,5,Eficiente
470.24,True,11,Casa,11,Ineficiente
510.32,False,10,Local,1,Eficiente
307.47,True,4,Departamento,9,Ineficiente
750.69,True,15,Local,12,Ineficiente
338.54,False,8,Casa,4,Eficiente
388.11,True,9,Casa,10,Moderado
212.9,False,8,Departamento,6,Eficiente
271.83,True,11,Departamento,12,Moderado
228.25,False,7,Departamento,7,Eficiente
692.32,True,15,Local,8,Moderado
157.28,False,8,Departamento,10,Eficiente
327.66,False,6,Casa,4,Eficiente
845.15,False,4,Casa,9,Ineficiente
412.75,False,16,Casa,11,Moderado
283.37,False,7,Casa,4,Eficiente
396.34,True,12,Casa,10,Moderado
155.28,False,8,Departamento,4,Eficiente
276.95,True,5,Departamento,9,Ineficiente
169.14,True,6,Departamento,7,Eficiente
353.39,False,13,Casa,8,Eficiente
98.03,False,3,Departamento,2,Eficiente
229.79,False,7,Departamento,10,Moderado
625.48,False,23,Local,2,Eficiente
649.1,False,7,Departamento,5,Ineficiente
124.07,False,6,Departamento,10,Eficiente
225.74,False,7,Departamento,2,Eficiente
281.38,True,4,Departamento,10,Ineficiente
802.72,True,19,Local,9,Ineficiente
313.53,False,12,Casa,4,Eficiente
310.62,False,10,Casa,10,Eficiente
289.03,True,9,Casa,11,Moderado
221.61,False,7,Departamento,11,Moderado
134.7,False,9,Departamento,7,Eficiente
258.54,True,8,Departamento,9,Moderado
152.5,True,8,Casa,9,Eficiente
395.95,False,8,Casa,9,Moderado
226.86,True,14,Local,11,Eficiente
377.79,True,9,Casa,9,Moderado
479.37,True,14,Local,12,Moderado
451.96,False,4,Casa,6,Ineficiente
302.81,False,5,Departamento,8,Ineficiente
397.04,False,12,Departamento,10,Ineficiente
1136.46,False,4,Departamento,4,Ineficiente
286.23,False,12,Casa,4,Eficiente
496.34,True,17,Local,11,Moderado
139.57,True,7,Departamento,12,Eficiente
288.65,False,5,Departamento,4,Moderado
240.52,False,6,Departamento,1,Eficiente
577.45,True,8,Casa,8,Ineficiente
127.83,False,3,Departamento,1,Eficiente
304.43,True,7,Casa,7,Moderado
972.08,True,7,Casa,7,Ineficiente
242.7,False,6,Departamento,5,Moderado
373.49,True,8,Departamento,1,Ineficiente
230.76,True,6,Casa,9,Eficiente
141.93,False,8,Casa,9,Eficiente
533.92,False,5,Casa,10,Ineficiente
514.53,True,8,Casa,10,Ineficiente
315.67,True,3,Departamento,9,Ineficiente
422.09,True,9,Casa,8,Moderado
650.35,True,15,Local,4,Moderado
242.47,True,8,Casa,8,Eficiente
567.35,True,5,Casa,8,Ineficiente
710.56,True,18,Local,12,Moderado
307.79,True,13,Casa,9,Eficiente
317.72,True,9,Casa,9,Moderado
599.74,True,14,Local,4,Moderado
337.01,False,13,Local,4,Eficiente
138.92,False,6,Departamento,7,Eficiente
522.47,True,10,Casa,9,Ineficiente
221.1,False,8,Departamento,5,Eficiente
681.35,True,11,Local,11,Ineficiente
625.61,True,13,Local,12,Moderado
429.07,True,10,Casa,8,Moderado
614.13,True,9,Casa,7,Ineficiente
379.85,False,14,Casa,7,Eficiente
302.36,False,13,Casa,1,Eficiente
259.33,False,5,Departamento,5,Moderado
276.58,False,8,Casa,10,Eficiente
128.36,False,9,Casa,9,Eficiente
316.57,True,10,Casa,5,Eficiente
261.01,False,5,Departamento,2,Moderado
487.35,False,9,Casa,11,Ineficiente
421.86,True,12,Casa,9,Moderado
352.44,True,9,Casa,11,Moderado
306.26,False,20,Local,12,Eficiente
230.61,False,6,Casa,1,Eficiente
84.36,False,7,Departamento,10,Eficiente
377.22,True,11,Casa,12,Moderado
471.54,True,4,Casa,7,Ineficiente
401.69,True,9,Casa,12,Moderado
370.01,False,6,Casa,3,Moderado
939.98,True,2,Casa,11,Ineficiente
232.37,True,8,Departamento,9,Moderado
233.41,False,7,Departamento,6,Eficiente
454.06,True,10,Casa,5,Moderado
309.67,False,8,Casa,6,Eficiente
72.89,False,4,Departamento,6,Eficiente
395.94,True,9,Casa,6,Moderado
658.44,False,4,Casa,11,Ineficiente
169.0,False,9,Casa,5,Eficiente
321.04,False,8,Casa,2,Eficiente
251.04,True,7,Departamento,10,Moderado
540.92,True,19,Local,9,Moderado
674.8,True,10,Local,6,Moderado
930.64,True,10,Local,9,Ineficiente
1389.73,False,10,Casa,6,Ineficiente
294.49,True,7,Casa,9,Moderado
474.36,True,12,Casa,4,Moderado
406.69,False,7,Casa,3,Moderado
368.28,False,10,Casa,7,Moderado
445.67,True,10,Casa,10,Ineficiente
306.96,False,10,Departamento,3,Moderado
352.01,False,8,Casa,1,Eficiente
731.58,True,17,Casa,8,Ineficiente
